Volume,Symbol,Date Acquired,Date Sold,Proceeds,Cost Basis,Gain,Currency,Unmatched,,,,,,,,,,,
96.30231,ETH,01/11/2015,01/01/2018,280005.96,865.49,279140.47,ILS,,,,,,,,,,,,
0.02,BTC,23/10/2011,30/01/2018,700,0.08,699.92,ILS,,,,,,,,,,,,
0.0348,BTC,23/10/2011,19/02/2018,1200,0.14,1199.86,ILS,,,,,,,,,,,,
6.294582,MAID,11/04/2017,23/02/2018,9.31,0.34,8.97,ILS,,,,,,,,,,,,
985.0099,MAID,11/04/2017,23/02/2018,1456.38,53.09,1403.29,ILS,,,,,,,,,,,,
117.5641,MAID,11/04/2017,23/02/2018,173.82,6.34,167.48,ILS,,,,,,,,,,,,
151.0562,MAID,11/04/2017,23/02/2018,223.34,8.14,215.2,ILS,,,,,,,,,,,,
151.0971,MAID,11/04/2017,23/02/2018,223.4,8.14,215.26,ILS,,,,,,,,,,,,
18.5872,MAID,11/04/2017,23/02/2018,27.48,1,26.48,ILS,,,,,,,,,,,,
603.44069,MAID,11/04/2017,23/02/2018,827.13,32.53,794.6,ILS,,,,,,,,,,,,
188.7965,MAID,11/04/2017,23/02/2018,278.49,10.18,268.31,ILS,,,,,,,,,,,,
50.15933,MAID,11/04/2017,23/02/2018,73.99,2.7,71.29,ILS,,,,,,,,,,,,
2312.9533,MAID,11/04/2017,23/02/2018,3403.71,124.67,3279.04,ILS,,,,,,,,,,,,
6000,MAID,11/04/2017,23/02/2018,8829.52,323.4,8506.12,ILS,,,,,,,,,,,,
279.1083,MAID,11/04/2017,23/02/2018,409.76,15.04,394.72,ILS,,,,,,,,,,,,
16555.647,MAID,11/04/2017,23/02/2018,24305.47,892.35,23413.12,ILS,,,,,,,,,,,,
16561.6703,MAID,11/04/2017,23/02/2018,24256.7,892.67,23364.03,ILS,,,,,,,,,,,,
150,MAID,11/04/2017,23/02/2018,219.17,8.09,211.08,ILS,,,,,,,,,,,,
2219.53924,MAID,11/04/2017,23/02/2018,3243.08,119.63,3123.45,ILS,,,,,,,,,,,,
113062.9334,MAID,11/04/2017,23/02/2018,164808.54,6094.09,158714.45,ILS,,,,,,,,,,,,
313.2251,MAID,11/04/2017,23/02/2018,456.58,16.88,439.7,ILS,,,,,,,,,,,,
200.3005,MAID,11/04/2017,23/02/2018,291.28,10.8,280.48,ILS,,,,,,,,,,,,
2364.625,MAID,11/04/2017,23/02/2018,3438.62,127.45,3311.17,ILS,,,,,,,,,,,,
3.634838,MAID,11/04/2017,23/02/2018,5.29,0.2,5.09,ILS,,,,,,,,,,,,
7164.232,MAID,11/04/2017,23/02/2018,10418.17,386.15,10032.02,ILS,,,,,,,,,,,,
298.8383,MAID,11/04/2017,23/02/2018,434.57,16.11,418.46,ILS,,,,,,,,,,,,
21.482714,MAID,11/04/2017,23/02/2018,31.24,1.16,30.08,ILS,,,,,,,,,,,,
2.895514,MAID,11/04/2017,23/02/2018,4.2,0.16,4.04,ILS,,,,,,,,,,,,
18.5872,MAID,11/04/2017,23/02/2018,26.96,1,25.96,ILS,,,,,,,,,,,,
406.9344,MAID,11/04/2017,23/02/2018,590.35,21.93,568.42,ILS,,,,,,,,,,,,
118.6803,MAID,11/04/2017,23/02/2018,172.17,6.4,165.77,ILS,,,,,,,,,,,,
120.5186,MAID,11/04/2017,23/02/2018,174.84,6.5,168.34,ILS,,,,,,,,,,,,
2406.580434,MAID,11/04/2017,23/02/2018,3482.89,129.71,3353.18,ILS,,,,,,,,,,,,
273.2012,MAID,11/04/2017,23/02/2018,395.39,14.73,380.66,ILS,,,,,,,,,,,,
6,MAID,11/04/2017,23/02/2018,8.66,0.32,8.34,ILS,,,,,,,,,,,,
2.655081,MAID,11/04/2017,23/02/2018,3.82,0.14,3.68,ILS,,,,,,,,,,,,
12.82944,MAID,11/04/2017,23/02/2018,18.48,0.69,17.79,ILS,,,,,,,,,,,,
343.8198,MAID,11/04/2017,23/02/2018,495.2,18.53,476.67,ILS,,,,,,,,,,,,
2902.224749,MAID,11/04/2017,23/02/2018,4180.01,156.43,4023.58,ILS,,,,,,,,,,,,
118.6803,MAID,11/04/2017,23/02/2018,170.52,6.4,164.12,ILS,,,,,,,,,,,,
95.704879,MAID,11/04/2017,23/02/2018,137.51,5.16,132.35,ILS,,,,,,,,,,,,
1058.449,MAID,11/04/2017,23/02/2018,1517.09,57.05,1460.04,ILS,,,,,,,,,,,,
9949.185,MAID,11/04/2017,23/02/2018,14260.35,536.26,13724.09,ILS,,,,,,,,,,,,
64428.25,MAID,11/04/2017,23/02/2018,92122.05,3472.68,88649.37,ILS,,,,,,,,,,,,
345.9011,MAID,11/04/2017,23/02/2018,494.58,18.64,475.94,ILS,,,,,,,,,,,,
130741.3193,MAID,11/04/2017,23/02/2018,186939.09,7046.96,179892.13,ILS,,,,,,,,,,,,
691.8022,MAID,11/04/2017,23/02/2018,989.17,37.29,951.88,ILS,,,,,,,,,,,,
1371.186,MAID,11/04/2017,23/02/2018,1960.58,73.91,1886.67,ILS,,,,,,,,,,,,
20000,MAID,11/04/2017,23/02/2018,28596.79,1078,27518.79,ILS,,,,,,,,,,,,
147.9206,MAID,11/04/2017,23/02/2018,211.5,7.97,203.53,ILS,,,,,,,,,,,,
289.2039,MAID,11/04/2017,23/02/2018,412.51,15.59,396.92,ILS,,,,,,,,,,,,
345.9011,MAID,11/04/2017,23/02/2018,493.38,18.64,474.74,ILS,,,,,,,,,,,,
1011.99902,MAID,11/04/2017,23/02/2018,1443.48,54.55,1388.93,ILS,,,,,,,,,,,,
345.9011,MAID,11/04/2017,23/02/2018,493.38,18.64,474.74,ILS,,,,,,,,,,,,
469.6958,MAID,11/04/2017,23/02/2018,669.96,25.32,644.64,ILS,,,,,,,,,,,,
345.9011,MAID,11/04/2017,23/02/2018,492.18,18.64,473.54,ILS,,,,,,,,,,,,
10.22285,MAID,11/04/2017,23/02/2018,14.55,0.55,14,ILS,,,,,,,,,,,,
12.68,MAID,11/04/2017,23/02/2018,18.04,0.68,17.36,ILS,,,,,,,,,,,,
373.707188,MAID,11/04/2017,23/02/2018,530.44,20.14,510.3,ILS,,,,,,,,,,,,
78.63552,MAID,11/04/2017,23/02/2018,111.62,4.24,107.38,ILS,,,,,,,,,,,,
2.846214,MAID,11/04/2017,23/02/2018,4.04,0.15,3.89,ILS,,,,,,,,,,,,
208.4328,MAID,11/04/2017,23/02/2018,295.12,11.23,283.89,ILS,,,,,,,,,,,,
130,MAID,11/04/2017,23/02/2018,184.07,7.01,177.06,ILS,,,,,,,,,,,,
141.2594,MAID,11/04/2017,23/02/2018,200.01,7.61,192.4,ILS,,,,,,,,,,,,
2.685043,MAID,11/04/2017,23/02/2018,3.79,0.14,3.65,ILS,,,,,,,,,,,,
25177.76,MAID,11/04/2017,23/02/2018,35562.19,1357.08,34205.11,ILS,,,,,,,,,,,,
177.1324,MAID,11/04/2017,23/02/2018,250.19,9.55,240.64,ILS,,,,,,,,,,,,
2.716049,MAID,11/04/2017,23/02/2018,3.83,0.15,3.68,ILS,,,,,,,,,,,,
1992.63135,MAID,11/04/2017,23/02/2018,2793.69,107.4,2686.29,ILS,,,,,,,,,,,,
198.4386,MAID,11/04/2017,23/02/2018,277.52,10.7,266.82,ILS,,,,,,,,,,,,
1805.212,MAID,11/04/2017,23/02/2018,2524.64,97.3,2427.34,ILS,,,,,,,,,,,,
22.88042,MAID,11/04/2017,23/02/2018,31.92,1.23,30.69,ILS,,,,,,,,,,,,
370.222,MAID,11/04/2017,23/02/2018,516.48,19.96,496.52,ILS,,,,,,,,,,,,
370.0977,MAID,11/04/2017,23/02/2018,516.3,19.95,496.35,ILS,,,,,,,,,,,,
1479.6252,MAID,11/04/2017,23/02/2018,2059,79.75,1979.25,ILS,,,,,,,,,,,,
37.55275,MAID,11/04/2017,23/02/2018,52.26,2.02,50.24,ILS,,,,,,,,,,,,
3230.162,MAID,11/04/2017,23/02/2018,4495,174.11,4320.89,ILS,,,,,,,,,,,,
2.731417,MAID,11/04/2017,23/02/2018,3.79,0.15,3.64,ILS,,,,,,,,,,,,
50.13788,MAID,11/04/2017,23/02/2018,69.6,2.7,66.9,ILS,,,,,,,,,,,,
50455.2548,MAID,11/04/2017,23/02/2018,70036.55,2719.54,67317.01,ILS,,,,,,,,,,,,
148.9554,MAID,11/04/2017,23/02/2018,206.25,8.03,198.22,ILS,,,,,,,,,,,,
949.55167,MAID,11/04/2017,23/02/2018,1314.76,51.18,1263.58,ILS,,,,,,,,,,,,
41.76822,MAID,11/04/2017,23/02/2018,57.69,2.25,55.44,ILS,,,,,,,,,,,,
2445.352,MAID,11/04/2017,23/02/2018,3377.36,131.8,3245.56,ILS,,,,,,,,,,,,
618.6293,MAID,11/04/2017,23/02/2018,852.26,33.34,818.92,ILS,,,,,,,,,,,,
2.778479,MAID,11/04/2017,23/02/2018,3.83,0.15,3.68,ILS,,,,,,,,,,,,
40.71469,MAID,11/04/2017,23/02/2018,55.95,2.19,53.76,ILS,,,,,,,,,,,,
1162.5298,MAID,11/04/2017,23/02/2018,1589.43,62.66,1526.77,ILS,,,,,,,,,,,,
104.571,MAID,11/04/2017,23/02/2018,154.61,5.64,148.97,ILS,,,,,,,,,,,,
0.03,BTC,23/10/2011,23/02/2018,1050,0.12,1049.88,ILS,,,,,,,,,,,,
0.002904,ETH,01/11/2015,24/02/2018,8.21,0.03,8.18,ILS,,,,,,,,,,,,
2.717174,ETH,01/11/2015,24/02/2018,8004.08,24.42,7979.66,ILS,,,,,,,,,,,,
5.724173,ETH,01/11/2015,24/02/2018,16861.9,51.44,16810.46,ILS,,,,,,,,,,,,
3.735764,ETH,01/11/2015,24/02/2018,10998.26,33.57,10964.69,ILS,,,,,,,,,,,,
1.752254,ETH,01/11/2015,24/02/2018,5158.72,15.75,5142.97,ILS,,,,,,,,,,,,
11.9531,ETH,01/11/2015,24/02/2018,35189.66,107.42,35082.24,ILS,,,,,,,,,,,,
18.92958,ETH,01/11/2015,24/02/2018,55725,170.12,55554.88,ILS,,,,,,,,,,,,
0.208401,ETH,01/11/2015,24/02/2018,613.19,1.87,611.32,ILS,,,,,,,,,,,,
0.002412,ETH,01/11/2015,24/02/2018,7.09,0.02,7.07,ILS,,,,,,,,,,,,
0.95218,ETH,01/11/2015,24/02/2018,2800.01,8.56,2791.45,ILS,,,,,,,,,,,,
0.1,ETH,01/11/2015,24/02/2018,294.04,0.9,293.14,ILS,,,,,,,,,,,,
1.407024,ETH,01/11/2015,24/02/2018,4137.25,12.65,4124.6,ILS,,,,,,,,,,,,
0.004402,ETH,01/11/2015,24/02/2018,12.94,0.04,12.9,ILS,,,,,,,,,,,,
58.06863,ETH,01/11/2015,24/02/2018,170710.5,521.87,170188.63,ILS,,,,,,,,,,,,
10.331,ETH,01/11/2015,24/02/2018,30371.14,92.85,30278.29,ILS,,,,,,,,,,,,
129.3161,ETH,01/11/2015,24/02/2018,380164.24,1162.19,379002.05,ILS,,,,,,,,,,,,
129.5445,ETH,01/11/2015,24/02/2018,380773.16,1164.24,379608.92,ILS,,,,,,,,,,,,
126.821,ETH,01/11/2015,24/02/2018,372767.91,1139.77,371628.14,ILS,,,,,,,,,,,,
0.004822,ETH,01/11/2015,24/02/2018,14.17,0.04,14.13,ILS,,,,,,,,,,,,
0.084015,ETH,01/11/2015,24/02/2018,246.93,0.76,246.17,ILS,,,,,,,,,,,,
34.0632,ETH,01/11/2015,24/02/2018,100010.01,306.13,99703.88,ILS,,,,,,,,,,,,
0.002961,ETH,01/11/2015,24/02/2018,8.69,0.03,8.66,ILS,,,,,,,,,,,,
0.026292,ETH,01/11/2015,24/02/2018,77.18,0.24,76.94,ILS,,,,,,,,,,,,
2.5935,ETH,01/11/2015,24/02/2018,7612.23,23.31,7588.92,ILS,,,,,,,,,,,,
0.002405,ETH,01/11/2015,24/02/2018,7.06,0.02,7.04,ILS,,,,,,,,,,,,
5.821128,ETH,01/11/2015,24/02/2018,17082.48,52.32,17030.16,ILS,,,,,,,,,,,,
0.006,ETH,01/11/2015,24/02/2018,17.61,0.05,17.56,ILS,,,,,,,,,,,,
0.186502,ETH,01/11/2015,24/02/2018,547.17,1.68,545.49,ILS,,,,,,,,,,,,
0.103419,ETH,01/11/2015,24/02/2018,303.4,0.93,302.47,ILS,,,,,,,,,,,,
0.235094,ETH,01/11/2015,24/02/2018,689.55,2.11,687.44,ILS,,,,,,,,,,,,
0.005172,ETH,01/11/2015,24/02/2018,15.17,0.05,15.12,ILS,,,,,,,,,,,,
0.005848,ETH,01/11/2015,24/02/2018,17.15,0.05,17.1,ILS,,,,,,,,,,,,
0.181868,ETH,01/11/2015,24/02/2018,533.32,1.63,531.69,ILS,,,,,,,,,,,,
0.038028,ETH,01/11/2015,24/02/2018,111.51,0.34,111.17,ILS,,,,,,,,,,,,
5,ETH,01/11/2015,24/02/2018,14659.55,44.94,14614.61,ILS,,,,,,,,,,,,
19.47613,ETH,01/11/2015,24/02/2018,57082.8,175.04,56907.76,ILS,,,,,,,,,,,,
0.9975,ETH,01/11/2015,24/02/2018,2923.58,8.96,2914.62,ILS,,,,,,,,,,,,
0.05424,ETH,01/11/2015,24/02/2018,158.95,0.49,158.46,ILS,,,,,,,,,,,,
0.53619,ETH,01/11/2015,24/02/2018,1548.86,4.82,1544.04,ILS,,,,,,,,,,,,
1.214975,ETH,01/11/2015,24/02/2018,3462.67,10.92,3451.75,ILS,,,,,,,,,,,,
1.461527,ETH,01/11/2015,24/02/2018,4031.41,13.14,4018.27,ILS,,,,,,,,,,,,
2.540747,ETH,01/11/2015,24/02/2018,7008.28,22.83,6985.45,ILS,,,,,,,,,,,,
0.015583,ETH,01/11/2015,24/02/2018,42.99,0.14,42.85,ILS,,,,,,,,,,,,
6.233297,ETH,01/11/2015,24/02/2018,17195.56,56.02,17139.54,ILS,,,,,,,,,,,,
1,ETH,01/11/2015,24/02/2018,2759.21,8.99,2750.22,ILS,,,,,,,,,,,,
0.04073,ETH,01/11/2015,24/02/2018,112.38,0.37,112.01,ILS,,,,,,,,,,,,
0.61423,ETH,01/11/2015,24/02/2018,1695,5.52,1689.48,ILS,,,,,,,,,,,,
0.00244,ETH,01/11/2015,24/02/2018,6.73,0.02,6.71,ILS,,,,,,,,,,,,
0.0000001,ETH,01/11/2015,24/02/2018,0,0,0,ILS,,,,,,,,,,,,
0.008189,ETH,01/11/2015,24/02/2018,22.61,0.07,22.54,ILS,,,,,,,,,,,,
0.008189,ETH,01/11/2015,24/02/2018,22.61,0.07,22.54,ILS,,,,,,,,,,,,
0.008246,ETH,01/11/2015,24/02/2018,22.77,0.07,22.7,ILS,,,,,,,,,,,,
0.001261,ETH,01/11/2015,24/02/2018,3.48,0.01,3.47,ILS,,,,,,,,,,,,
3,ETH,01/11/2015,24/02/2018,8284.88,26.96,8257.92,ILS,,,,,,,,,,,,
6.094,ETH,01/11/2015,24/02/2018,16829.36,54.77,16774.59,ILS,,,,,,,,,,,,
0.25,ETH,01/11/2015,24/02/2018,690.41,2.25,688.16,ILS,,,,,,,,,,,,
0.024937,ETH,01/11/2015,24/02/2018,68.87,0.22,68.65,ILS,,,,,,,,,,,,
0.002404,ETH,01/11/2015,24/02/2018,6.64,0.02,6.62,ILS,,,,,,,,,,,,
0.8,ETH,01/11/2015,24/02/2018,2209.94,7.19,2202.75,ILS,,,,,,,,,,,,
0.001366,ETH,01/11/2015,24/02/2018,3.77,0.01,3.76,ILS,,,,,,,,,,,,
0.249604,ETH,01/11/2015,24/02/2018,689.55,2.24,687.31,ILS,,,,,,,,,,,,
0.45987,ETH,01/11/2015,24/02/2018,1270.45,4.13,1266.32,ILS,,,,,,,,,,,,
0.036523,ETH,01/11/2015,24/02/2018,100.91,0.33,100.58,ILS,,,,,,,,,,,,
0.942913,ETH,01/11/2015,24/02/2018,2605.57,8.47,2597.1,ILS,,,,,,,,,,,,
0.052804,ETH,01/11/2015,24/02/2018,145.94,0.47,145.47,ILS,,,,,,,,,,,,
0.002411,ETH,01/11/2015,24/02/2018,6.66,0.02,6.64,ILS,,,,,,,,,,,,
0.00126,ETH,01/11/2015,24/02/2018,3.48,0.01,3.47,ILS,,,,,,,,,,,,
0.127923,ETH,01/11/2015,24/02/2018,353.66,1.15,352.51,ILS,,,,,,,,,,,,
0.035384,ETH,01/11/2015,24/02/2018,97.9,0.32,97.58,ILS,,,,,,,,,,,,
0.07122,ETH,01/11/2015,24/02/2018,197.12,0.64,196.48,ILS,,,,,,,,,,,,
0.002578,ETH,01/11/2015,24/02/2018,7.14,0.02,7.12,ILS,,,,,,,,,,,,
2.99533,ETH,01/11/2015,24/02/2018,8291.4,26.92,8264.48,ILS,,,,,,,,,,,,
0.001245,ETH,01/11/2015,24/02/2018,3.45,0.01,3.44,ILS,,,,,,,,,,,,
0.2,ETH,01/11/2015,24/02/2018,553.7,1.8,551.9,ILS,,,,,,,,,,,,
0.02114,ETH,01/11/2015,24/02/2018,58.53,0.19,58.34,ILS,,,,,,,,,,,,
0.002516,ETH,01/11/2015,24/02/2018,6.97,0.02,6.95,ILS,,,,,,,,,,,,
0.062216,ETH,01/11/2015,24/02/2018,172.33,0.56,171.77,ILS,,,,,,,,,,,,
2.912112,ETH,01/11/2015,24/02/2018,8065.96,26.17,8039.79,ILS,,,,,,,,,,,,
1.978933,ETH,01/11/2015,24/02/2018,5481.86,17.79,5464.07,ILS,,,,,,,,,,,,
0.002489,ETH,01/11/2015,24/02/2018,6.9,0.02,6.88,ILS,,,,,,,,,,,,
0.02,ETH,01/11/2015,24/02/2018,55.44,0.18,55.26,ILS,,,,,,,,,,,,
0.319949,ETH,01/11/2015,24/02/2018,887.08,2.88,884.2,ILS,,,,,,,,,,,,
0.062599,ETH,01/11/2015,24/02/2018,173.6,0.56,173.04,ILS,,,,,,,,,,,,
0.001648,ETH,01/11/2015,24/02/2018,4.57,0.01,4.56,ILS,,,,,,,,,,,,
0.002449,ETH,01/11/2015,24/02/2018,6.79,0.02,6.77,ILS,,,,,,,,,,,,
5,ETH,01/11/2015,24/02/2018,13870.2,44.94,13825.26,ILS,,,,,,,,,,,,
0.012427,ETH,01/11/2015,24/02/2018,34.48,0.11,34.37,ILS,,,,,,,,,,,,
0.078407,ETH,01/11/2015,24/02/2018,217.53,0.7,216.83,ILS,,,,,,,,,,,,
0.064472,ETH,01/11/2015,24/02/2018,178.89,0.58,178.31,ILS,,,,,,,,,,,,
0.248498,ETH,01/11/2015,24/02/2018,689.54,2.23,687.31,ILS,,,,,,,,,,,,
0.191355,ETH,01/11/2015,24/02/2018,531,1.72,529.28,ILS,,,,,,,,,,,,
0.078578,ETH,01/11/2015,24/02/2018,218.05,0.71,217.34,ILS,,,,,,,,,,,,
0.024848,ETH,01/11/2015,24/02/2018,68.96,0.22,68.74,ILS,,,,,,,,,,,,
0.117314,ETH,01/11/2015,24/02/2018,325.56,1.05,324.51,ILS,,,,,,,,,,,,
5,ETH,01/11/2015,24/02/2018,13877.95,44.94,13833.01,ILS,,,,,,,,,,,,
0.008034,ETH,01/11/2015,24/02/2018,22.3,0.07,22.23,ILS,,,,,,,,,,,,
0.004347,ETH,01/11/2015,24/02/2018,12.07,0.04,12.03,ILS,,,,,,,,,,,,
0.008063,ETH,01/11/2015,24/02/2018,22.38,0.07,22.31,ILS,,,,,,,,,,,,
0.19537,ETH,01/11/2015,24/02/2018,542.3,1.76,540.54,ILS,,,,,,,,,,,,
1.093022,ETH,01/11/2015,24/02/2018,3034.01,9.82,3024.19,ILS,,,,,,,,,,,,
0.931552,ETH,01/11/2015,24/02/2018,2585.8,8.37,2577.43,ILS,,,,,,,,,,,,
0.008106,ETH,01/11/2015,24/02/2018,22.5,0.07,22.43,ILS,,,,,,,,,,,,
0.077502,ETH,01/11/2015,24/02/2018,215.14,0.7,214.44,ILS,,,,,,,,,,,,
1.762365,ETH,01/11/2015,24/02/2018,4892.33,15.84,4876.49,ILS,,,,,,,,,,,,
0.002509,ETH,01/11/2015,24/02/2018,6.97,0.02,6.95,ILS,,,,,,,,,,,,
0.350299,ETH,01/11/2015,24/02/2018,972.64,3.15,969.49,ILS,,,,,,,,,,,,
0.04,ETH,01/11/2015,24/02/2018,111.07,0.36,110.71,ILS,,,,,,,,,,,,
23.17823,ETH,01/11/2015,24/02/2018,64369.24,208.31,64160.93,ILS,,,,,,,,,,,,
0.02,ETH,01/11/2015,24/02/2018,55.55,0.18,55.37,ILS,,,,,,,,,,,,
0.002482,ETH,01/11/2015,24/02/2018,6.9,0.02,6.88,ILS,,,,,,,,,,,,
4.193726,ETH,01/11/2015,24/02/2018,11653.8,37.69,11616.11,ILS,,,,,,,,,,,,
0.099249,ETH,01/11/2015,24/02/2018,275.82,0.89,274.93,ILS,,,,,,,,,,,,
0.251253,ETH,01/11/2015,24/02/2018,698.34,2.26,696.08,ILS,,,,,,,,,,,,
0.006201,ETH,01/11/2015,24/02/2018,17.24,0.06,17.18,ILS,,,,,,,,,,,,
0.124023,ETH,01/11/2015,24/02/2018,344.78,1.11,343.67,ILS,,,,,,,,,,,,
0.012612,ETH,01/11/2015,24/02/2018,35.07,0.11,34.96,ILS,,,,,,,,,,,,
0.12213,ETH,01/11/2015,24/02/2018,339.64,1.1,338.54,ILS,,,,,,,,,,,,
0.047701,ETH,01/11/2015,24/02/2018,132.67,0.43,132.24,ILS,,,,,,,,,,,,
7.475273,ETH,01/11/2015,24/02/2018,20798.3,67.18,20731.12,ILS,,,,,,,,,,,,
0.070393,ETH,01/11/2015,24/02/2018,195.86,0.63,195.23,ILS,,,,,,,,,,,,
0.333434,ETH,01/11/2015,24/02/2018,927.72,3,924.72,ILS,,,,,,,,,,,,
0.149625,ETH,01/11/2015,24/02/2018,416.31,1.34,414.97,ILS,,,,,,,,,,,,
0.89987,ETH,01/11/2015,24/02/2018,2503.84,8.09,2495.75,ILS,,,,,,,,,,,,
0.012389,ETH,01/11/2015,24/02/2018,34.48,0.11,34.37,ILS,,,,,,,,,,,,
4.943391,ETH,01/11/2015,24/02/2018,13756.45,44.43,13712.02,ILS,,,,,,,,,,,,
1.227233,ETH,01/11/2015,24/02/2018,3415.22,11.03,3404.19,ILS,,,,,,,,,,,,
0.494809,ETH,01/11/2015,24/02/2018,1377.02,4.45,1372.57,ILS,,,,,,,,,,,,
0.013247,ETH,01/11/2015,24/02/2018,36.87,0.12,36.75,ILS,,,,,,,,,,,,
0.042565,ETH,01/11/2015,24/02/2018,118.46,0.38,118.08,ILS,,,,,,,,,,,,
0.005544,ETH,01/11/2015,24/02/2018,15.44,0.05,15.39,ILS,,,,,,,,,,,,
0.0013,ETH,01/11/2015,24/02/2018,3.62,0.01,3.61,ILS,,,,,,,,,,,,
2.475992,ETH,01/11/2015,24/02/2018,6895.47,22.25,6873.22,ILS,,,,,,,,,,,,
0.055,ETH,01/11/2015,24/02/2018,153.2,0.49,152.71,ILS,,,,,,,,,,,,
0.1,ETH,01/11/2015,24/02/2018,278.55,0.9,277.65,ILS,,,,,,,,,,,,
0.46787,ETH,01/11/2015,24/02/2018,1303.31,4.2,1299.11,ILS,,,,,,,,,,,,
0.009807,ETH,01/11/2015,24/02/2018,27.32,0.09,27.23,ILS,,,,,,,,,,,,
2.005,ETH,01/11/2015,24/02/2018,5585.45,18.02,5567.43,ILS,,,,,,,,,,,,
0.473003,ETH,01/11/2015,24/02/2018,1317.67,4.25,1313.42,ILS,,,,,,,,,,,,
0.249375,ETH,01/11/2015,24/02/2018,694.8,2.24,692.56,ILS,,,,,,,,,,,,
0.142199,ETH,01/11/2015,24/02/2018,396.31,1.28,395.03,ILS,,,,,,,,,,,,
0.163072,ETH,01/11/2015,24/02/2018,454.52,1.47,453.05,ILS,,,,,,,,,,,,
0.001569,ETH,01/11/2015,24/02/2018,4.38,0.01,4.37,ILS,,,,,,,,,,,,
0.074812,ETH,01/11/2015,24/02/2018,208.76,0.67,208.09,ILS,,,,,,,,,,,,
0.001544,ETH,01/11/2015,24/02/2018,4.31,0.01,4.3,ILS,,,,,,,,,,,,
0.008009,ETH,01/11/2015,24/02/2018,22.35,0.07,22.28,ILS,,,,,,,,,,,,
0.002479,ETH,01/11/2015,24/02/2018,6.92,0.02,6.9,ILS,,,,,,,,,,,,
0.002531,ETH,01/11/2015,24/02/2018,7.07,0.02,7.05,ILS,,,,,,,,,,,,
0.001472,ETH,01/11/2015,24/02/2018,4.11,0.01,4.1,ILS,,,,,,,,,,,,
20,ETH,01/11/2015,24/02/2018,55853.14,179.74,55673.4,ILS,,,,,,,,,,,,
12.87851,ETH,01/11/2015,24/02/2018,35965.26,115.74,35849.52,ILS,,,,,,,,,,,,
0.005017,ETH,01/11/2015,24/02/2018,14.01,0.05,13.96,ILS,,,,,,,,,,,,
0.123457,ETH,01/11/2015,24/02/2018,344.77,1.11,343.66,ILS,,,,,,,,,,,,
0.001247,ETH,01/11/2015,24/02/2018,3.48,0.01,3.47,ILS,,,,,,,,,,,,
0.091358,ETH,01/11/2015,24/02/2018,255.13,0.82,254.31,ILS,,,,,,,,,,,,
0.9975,ETH,01/11/2015,24/02/2018,2785.68,8.96,2776.72,ILS,,,,,,,,,,,,
0.124687,ETH,01/11/2015,24/02/2018,348.21,1.12,347.09,ILS,,,,,,,,,,,,
0.370238,ETH,01/11/2015,24/02/2018,1034.32,3.33,1030.99,ILS,,,,,,,,,,,,
0.370101,ETH,01/11/2015,24/02/2018,1034.32,3.33,1030.99,ILS,,,,,,,,,,,,
1,ETH,01/11/2015,24/02/2018,2794.86,8.99,2785.87,ILS,,,,,,,,,,,,
0.1,ETH,01/11/2015,24/02/2018,279.51,0.9,278.61,ILS,,,,,,,,,,,,
1.480118,ETH,01/11/2015,24/02/2018,4137.29,13.3,4123.99,ILS,,,,,,,,,,,,
0.369951,ETH,01/11/2015,24/02/2018,1034.32,3.32,1031,ILS,,,,,,,,,,,,
0.021806,ETH,01/11/2015,24/02/2018,60.97,0.2,60.77,ILS,,,,,,,,,,,,
0.012469,ETH,01/11/2015,24/02/2018,34.87,0.11,34.76,ILS,,,,,,,,,,,,
0.369902,ETH,01/11/2015,24/02/2018,1034.32,3.32,1031,ILS,,,,,,,,,,,,
1.647956,ETH,01/11/2015,24/02/2018,4608.82,14.81,4594.01,ILS,,,,,,,,,,,,
0.002494,ETH,01/11/2015,24/02/2018,6.97,0.02,6.95,ILS,,,,,,,,,,,,
0.002536,ETH,01/11/2015,24/02/2018,7.09,0.02,7.07,ILS,,,,,,,,,,,,
0.049875,ETH,01/11/2015,24/02/2018,139.52,0.45,139.07,ILS,,,,,,,,,,,,
3.685631,ETH,01/11/2015,24/02/2018,10313.92,33.12,10280.8,ILS,,,,,,,,,,,,
0.043093,ETH,01/11/2015,24/02/2018,120.61,0.39,120.22,ILS,,,,,,,,,,,,
5,ETH,01/11/2015,24/02/2018,13997.59,44.94,13952.65,ILS,,,,,,,,,,,,
0.002636,ETH,01/11/2015,24/02/2018,7.38,0.02,7.36,ILS,,,,,,,,,,,,
0.01112,ETH,01/11/2015,24/02/2018,31.14,0.1,31.04,ILS,,,,,,,,,,,,
0.001533,ETH,01/11/2015,24/02/2018,4.29,0.01,4.28,ILS,,,,,,,,,,,,
0.012051,ETH,01/11/2015,24/02/2018,33.75,0.11,33.64,ILS,,,,,,,,,,,,
0.024938,ETH,01/11/2015,24/02/2018,69.85,0.22,69.63,ILS,,,,,,,,,,,,
9.975,ETH,01/11/2015,24/02/2018,27939.29,89.65,27849.64,ILS,,,,,,,,,,,,
0.122543,ETH,01/11/2015,24/02/2018,343.25,1.1,342.15,ILS,,,,,,,,,,,,
0.123087,ETH,01/11/2015,24/02/2018,344.77,1.11,343.66,ILS,,,,,,,,,,,,
0.250649,ETH,01/11/2015,24/02/2018,702.55,2.25,700.3,ILS,,,,,,,,,,,,
5,ETH,01/11/2015,24/02/2018,14014.83,44.94,13969.89,ILS,,,,,,,,,,,,
0.2,ETH,01/11/2015,24/02/2018,560.6,1.8,558.8,ILS,,,,,,,,,,,,
0.602075,ETH,01/11/2015,24/02/2018,1687.62,5.41,1682.21,ILS,,,,,,,,,,,,
3.666862,ETH,01/11/2015,24/02/2018,10279.98,32.95,10247.03,ILS,,,,,,,,,,,,
0.052006,ETH,01/11/2015,24/02/2018,145.8,0.47,145.33,ILS,,,,,,,,,,,,
0.739886,ETH,01/11/2015,24/02/2018,2074.39,6.65,2067.74,ILS,,,,,,,,,,,,
0.024937,ETH,01/11/2015,24/02/2018,69.94,0.22,69.72,ILS,,,,,,,,,,,,
4.974845,ETH,01/11/2015,24/02/2018,13952.21,44.71,13907.5,ILS,,,,,,,,,,,,
0.116331,ETH,01/11/2015,24/02/2018,326.32,1.05,325.27,ILS,,,,,,,,,,,,
0.064874,ETH,01/11/2015,24/02/2018,182.04,0.58,181.46,ILS,,,,,,,,,,,,
0.007936,ETH,01/11/2015,24/02/2018,22.27,0.07,22.2,ILS,,,,,,,,,,,,
0.007941,ETH,01/11/2015,24/02/2018,22.28,0.07,22.21,ILS,,,,,,,,,,,,
5,ETH,01/11/2015,24/02/2018,14032.07,44.94,13987.13,ILS,,,,,,,,,,,,
0.015569,ETH,01/11/2015,24/02/2018,43.7,0.14,43.56,ILS,,,,,,,,,,,,
0.503598,ETH,01/11/2015,24/02/2018,1413.56,4.53,1409.03,ILS,,,,,,,,,,,,
0.005072,ETH,01/11/2015,24/02/2018,14.24,0.05,14.19,ILS,,,,,,,,,,,,
0.246201,ETH,01/11/2015,24/02/2018,691.31,2.21,689.1,ILS,,,,,,,,,,,,
0.124687,ETH,01/11/2015,24/02/2018,350.22,1.12,349.1,ILS,,,,,,,,,,,,
0.012595,ETH,01/11/2015,24/02/2018,35.39,0.11,35.28,ILS,,,,,,,,,,,,
50,ETH,01/11/2015,24/02/2018,140494.78,449.36,140045.42,ILS,,,,,,,,,,,,
0.043762,ETH,01/11/2015,24/02/2018,122.97,0.39,122.58,ILS,,,,,,,,,,,,
0.257368,ETH,01/11/2015,24/02/2018,723.27,2.31,720.96,ILS,,,,,,,,,,,,
0.236659,ETH,01/11/2015,24/02/2018,665.09,2.13,662.96,ILS,,,,,,,,,,,,
0.227344,ETH,01/11/2015,24/02/2018,639.05,2.04,637.01,ILS,,,,,,,,,,,,
0.033,ETH,01/11/2015,24/02/2018,92.77,0.3,92.47,ILS,,,,,,,,,,,,
4.464144,ETH,01/11/2015,24/02/2018,12551.17,40.12,12511.05,ILS,,,,,,,,,,,,
95.40799,ETH,01/11/2015,24/02/2018,268250.97,857.45,267393.52,ILS,,,,,,,,,,,,
0.002535,ETH,01/11/2015,24/02/2018,7.13,0.02,7.11,ILS,,,,,,,,,,,,
0.1,ETH,01/11/2015,24/02/2018,281.23,0.9,280.33,ILS,,,,,,,,,,,,
0.005489,ETH,01/11/2015,24/02/2018,15.44,0.05,15.39,ILS,,,,,,,,,,,,
0.9975,ETH,01/11/2015,24/02/2018,2806.31,8.96,2797.35,ILS,,,,,,,,,,,,
0.146152,ETH,01/11/2015,24/02/2018,411.21,1.31,409.9,ILS,,,,,,,,,,,,
0.002484,ETH,01/11/2015,24/02/2018,7,0.02,6.98,ILS,,,,,,,,,,,,
0.284168,ETH,01/11/2015,24/02/2018,800.29,2.55,797.74,ILS,,,,,,,,,,,,
0.249375,ETH,01/11/2015,24/02/2018,702.33,2.24,700.09,ILS,,,,,,,,,,,,
0.038931,ETH,01/11/2015,24/02/2018,109.65,0.35,109.3,ILS,,,,,,,,,,,,
0.033,ETH,01/11/2015,24/02/2018,92.94,0.3,92.64,ILS,,,,,,,,,,,,
0.024344,ETH,01/11/2015,24/02/2018,68.57,0.22,68.35,ILS,,,,,,,,,,,,
0.117632,ETH,01/11/2015,24/02/2018,331.34,1.06,330.28,ILS,,,,,,,,,,,,
0.024937,ETH,01/11/2015,24/02/2018,70.25,0.22,70.03,ILS,,,,,,,,,,,,
3.06964,ETH,01/11/2015,24/02/2018,8647.28,27.59,8619.69,ILS,,,,,,,,,,,,
144.1711,ETH,01/11/2015,24/02/2018,406134.67,1295.69,404838.98,ILS,,,,,,,,,,,,
0.067147,ETH,01/11/2015,24/02/2018,189.18,0.6,188.58,ILS,,,,,,,,,,,,
2.229009,ETH,01/11/2015,24/02/2018,6282.5,20.03,6262.47,ILS,,,,,,,,,,,,
2.445715,ETH,01/11/2015,24/02/2018,6895.48,21.98,6873.5,ILS,,,,,,,,,,,,
4.9875,ETH,01/11/2015,24/02/2018,14065.94,44.82,14021.12,ILS,,,,,,,,,,,,
48.89976,ETH,01/11/2015,24/02/2018,137909,439.47,137469.53,ILS,,,,,,,,,,,,
0.004,ETH,01/11/2015,24/02/2018,11.29,0.04,11.25,ILS,,,,,,,,,,,,
0.007875,ETH,01/11/2015,24/02/2018,22.22,0.07,22.15,ILS,,,,,,,,,,,,
0.003681,ETH,01/11/2015,24/02/2018,10.39,0.03,10.36,ILS,,,,,,,,,,,,
0.033,ETH,01/11/2015,24/02/2018,93.13,0.3,92.83,ILS,,,,,,,,,,,,
0.939114,ETH,01/11/2015,24/02/2018,2650.82,8.44,2642.38,ILS,,,,,,,,,,,,
0.060443,ETH,01/11/2015,24/02/2018,170.66,0.54,170.12,ILS,,,,,,,,,,,,
0.124421,ETH,01/11/2015,24/02/2018,351.33,1.12,350.21,ILS,,,,,,,,,,,,
0.001233,ETH,01/11/2015,24/02/2018,3.48,0.01,3.47,ILS,,,,,,,,,,,,
0.1,ETH,01/11/2015,24/02/2018,282.4,0.9,281.5,ILS,,,,,,,,,,,,
0.244119,ETH,01/11/2015,24/02/2018,689.54,2.19,687.35,ILS,,,,,,,,,,,,
1,ETH,01/11/2015,24/02/2018,2825.34,8.99,2816.35,ILS,,,,,,,,,,,,
0.033,ETH,01/11/2015,24/02/2018,93.26,0.3,92.96,ILS,,,,,,,,,,,,
0.061001,ETH,01/11/2015,24/02/2018,172.38,0.55,171.83,ILS,,,,,,,,,,,,
0.001754,ETH,01/11/2015,24/02/2018,5.17,0.02,5.15,ILS,,,,,,,,,,,,
0.150226,ETH,01/11/2015,24/02/2018,424.71,1.35,423.36,ILS,,,,,,,,,,,,
0.280488,ETH,01/11/2015,24/02/2018,792.98,2.52,790.46,ILS,,,,,,,,,,,,
0.006098,ETH,01/11/2015,24/02/2018,17.24,0.05,17.19,ILS,,,,,,,,,,,,
0.204655,ETH,01/11/2015,24/02/2018,578.59,1.84,576.75,ILS,,,,,,,,,,,,
0.02439,ETH,01/11/2015,24/02/2018,68.95,0.22,68.73,ILS,,,,,,,,,,,,
0.123297,ETH,01/11/2015,24/02/2018,348.58,1.11,347.47,ILS,,,,,,,,,,,,
4.878049,ETH,01/11/2015,24/02/2018,13790.9,43.84,13747.06,ILS,,,,,,,,,,,,
0.05,ETH,01/11/2015,24/02/2018,141.36,0.45,140.91,ILS,,,,,,,,,,,,
0.142683,ETH,01/11/2015,24/02/2018,403.38,1.28,402.1,ILS,,,,,,,,,,,,
3.12,ETH,01/11/2015,24/02/2018,8820.66,28.04,8792.62,ILS,,,,,,,,,,,,
2,ETH,01/11/2015,24/02/2018,5654.96,17.97,5636.99,ILS,,,,,,,,,,,,
0.221137,ETH,01/11/2015,24/02/2018,625.34,1.99,623.35,ILS,,,,,,,,,,,,
0.1,ETH,01/11/2015,24/02/2018,282.95,0.9,282.05,ILS,,,,,,,,,,,,
12.18324,ETH,01/11/2015,24/02/2018,34477.26,109.49,34367.77,ILS,,,,,,,,,,,,
0.025916,ETH,01/11/2015,24/02/2018,73.35,0.23,73.12,ILS,,,,,,,,,,,,
0.50187,ETH,01/11/2015,24/02/2018,1420.58,4.51,1416.07,ILS,,,,,,,,,,,,
0.024351,ETH,01/11/2015,24/02/2018,68.95,0.22,68.73,ILS,,,,,,,,,,,,
0.017701,ETH,01/11/2015,24/02/2018,50.13,0.16,49.97,ILS,,,,,,,,,,,,
0.116922,ETH,01/11/2015,24/02/2018,331.12,1.05,330.07,ILS,,,,,,,,,,,,
1,ETH,01/11/2015,24/02/2018,2832,8.99,2823.01,ILS,,,,,,,,,,,,
0.009508,ETH,01/11/2015,24/02/2018,26.93,0.09,26.84,ILS,,,,,,,,,,,,
0.00000278,ETH,01/11/2015,24/02/2018,0.01,0,0.01,ILS,,,,,,,,,,,,
0.001069,ETH,01/11/2015,24/02/2018,3.03,0.01,3.02,ILS,,,,,,,,,,,,
0.427634,ETH,01/11/2015,24/02/2018,1211.19,3.84,1207.35,ILS,,,,,,,,,,,,
0.009975,ETH,01/11/2015,24/02/2018,28.26,0.09,28.17,ILS,,,,,,,,,,,,
0.033,ETH,01/11/2015,24/02/2018,93.5,0.3,93.2,ILS,,,,,,,,,,,,
0.003229,ETH,01/11/2015,24/02/2018,9.15,0.03,9.12,ILS,,,,,,,,,,,,
0.035173,ETH,01/11/2015,24/02/2018,99.68,0.32,99.36,ILS,,,,,,,,,,,,
3.99,ETH,01/11/2015,24/02/2018,11307.78,35.86,11271.92,ILS,,,,,,,,,,,,
17.86609,ETH,01/11/2015,24/02/2018,50650.28,160.57,50489.71,ILS,,,,,,,,,,,,
0.036442,ETH,01/11/2015,24/02/2018,103.32,0.33,102.99,ILS,,,,,,,,,,,,
0.003229,ETH,01/11/2015,24/02/2018,9.15,0.03,9.12,ILS,,,,,,,,,,,,
0.024938,ETH,01/11/2015,24/02/2018,70.71,0.22,70.49,ILS,,,,,,,,,,,,
9.975,ETH,01/11/2015,24/02/2018,28283.2,89.65,28193.55,ILS,,,,,,,,,,,,
0.124687,ETH,01/11/2015,24/02/2018,353.66,1.12,352.54,ILS,,,,,,,,,,,,
0.003229,ETH,01/11/2015,24/02/2018,9.16,0.03,9.13,ILS,,,,,,,,,,,,
0.00786,ETH,01/11/2015,24/02/2018,22.3,0.07,22.23,ILS,,,,,,,,,,,,
5.621945,ETH,01/11/2015,24/02/2018,15951.37,50.53,15900.84,ILS,,,,,,,,,,,,
0.2,ETH,01/11/2015,24/02/2018,567.5,1.8,565.7,ILS,,,,,,,,,,,,
0.614542,ETH,01/11/2015,24/02/2018,1743.79,5.52,1738.27,ILS,,,,,,,,,,,,
0.003229,ETH,01/11/2015,24/02/2018,9.16,0.03,9.13,ILS,,,,,,,,,,,,
0.003363,ETH,01/11/2015,24/02/2018,9.55,0.03,9.52,ILS,,,,,,,,,,,,
0.003229,ETH,01/11/2015,24/02/2018,9.17,0.03,9.14,ILS,,,,,,,,,,,,
1.86,ETH,01/11/2015,24/02/2018,5282.07,16.72,5265.35,ILS,,,,,,,,,,,,
0.012982,ETH,01/11/2015,24/02/2018,36.87,0.12,36.75,ILS,,,,,,,,,,,,
0.041713,ETH,01/11/2015,24/02/2018,118.46,0.37,118.09,ILS,,,,,,,,,,,,
0.05,ETH,01/11/2015,24/02/2018,142,0.45,141.55,ILS,,,,,,,,,,,,
0.001319,ETH,01/11/2015,24/02/2018,3.75,0.01,3.74,ILS,,,,,,,,,,,,
0.002439,ETH,01/11/2015,24/02/2018,6.93,0.02,6.91,ILS,,,,,,,,,,,,
0.005434,ETH,01/11/2015,24/02/2018,15.44,0.05,15.39,ILS,,,,,,,,,,,,
0.002697,ETH,01/11/2015,24/02/2018,7.66,0.02,7.64,ILS,,,,,,,,,,,,
0.036229,ETH,01/11/2015,24/02/2018,102.92,0.33,102.59,ILS,,,,,,,,,,,,
0.056067,ETH,01/11/2015,24/02/2018,159.28,0.5,158.78,ILS,,,,,,,,,,,,
0.222939,ETH,01/11/2015,24/02/2018,633.41,2,631.41,ILS,,,,,,,,,,,,
0.012469,ETH,01/11/2015,24/02/2018,35.44,0.11,35.33,ILS,,,,,,,,,,,,
0.012,ETH,01/11/2015,24/02/2018,34.11,0.11,34,ILS,,,,,,,,,,,,
0.0025,ETH,01/11/2015,24/02/2018,7.11,0.02,7.09,ILS,,,,,,,,,,,,
0.242574,ETH,01/11/2015,24/02/2018,689.54,2.18,687.36,ILS,,,,,,,,,,,,
0.012469,ETH,01/11/2015,24/02/2018,35.46,0.11,35.35,ILS,,,,,,,,,,,,
0.001515,ETH,01/11/2015,24/02/2018,4.31,0.01,4.3,ILS,,,,,,,,,,,,
0.11393,ETH,01/11/2015,24/02/2018,324.01,1.02,322.99,ILS,,,,,,,,,,,,
0.463396,ETH,01/11/2015,24/02/2018,1318.07,4.16,1313.91,ILS,,,,,,,,,,,,
0.024938,ETH,01/11/2015,24/02/2018,70.93,0.22,70.71,ILS,,,,,,,,,,,,
9.975,ETH,01/11/2015,24/02/2018,28372.62,89.65,28282.97,ILS,,,,,,,,,,,,
0.261224,ETH,01/11/2015,24/02/2018,743.02,2.35,740.67,ILS,,,,,,,,,,,,
0.181818,ETH,01/11/2015,24/02/2018,517.16,1.63,515.53,ILS,,,,,,,,,,,,
0.848382,ETH,01/11/2015,24/02/2018,2413.41,7.62,2405.79,ILS,,,,,,,,,,,,
0.016704,ETH,01/11/2015,24/02/2018,47.53,0.15,47.38,ILS,,,,,,,,,,,,
0.007362,ETH,01/11/2015,24/02/2018,20.95,0.07,20.88,ILS,,,,,,,,,,,,
0.1,ETH,01/11/2015,24/02/2018,284.68,0.9,283.78,ILS,,,,,,,,,,,,
0.024219,ETH,01/11/2015,24/02/2018,68.95,0.22,68.73,ILS,,,,,,,,,,,,
24.21601,ETH,01/11/2015,24/02/2018,68954.5,217.63,68736.87,ILS,,,,,,,,,,,,
0.001513,ETH,01/11/2015,24/02/2018,4.31,0.01,4.3,ILS,,,,,,,,,,,,
0.019316,ETH,01/11/2015,24/02/2018,55.01,0.17,54.84,ILS,,,,,,,,,,,,
1.54797,ETH,01/11/2015,24/02/2018,4408.34,13.91,4394.43,ILS,,,,,,,,,,,,
1.044461,ETH,01/11/2015,24/02/2018,2974.44,9.39,2965.05,ILS,,,,,,,,,,,,
24.21308,ETH,01/11/2015,24/02/2018,68954.51,217.61,68736.9,ILS,,,,,,,,,,,,
0.012469,ETH,01/11/2015,24/02/2018,35.51,0.11,35.4,ILS,,,,,,,,,,,,
10.13919,ETH,01/11/2015,24/02/2018,28886.13,91.12,28795.01,ILS,,,,,,,,,,,,
0.012469,ETH,01/11/2015,24/02/2018,35.53,0.11,35.42,ILS,,,,,,,,,,,,
0.004987,ETH,01/11/2015,24/02/2018,14.21,0.04,14.17,ILS,,,,,,,,,,,,
0.012469,ETH,01/11/2015,24/02/2018,35.53,0.11,35.42,ILS,,,,,,,,,,,,
0.033,ETH,01/11/2015,24/02/2018,94.04,0.3,93.74,ILS,,,,,,,,,,,,
340.632,ETH,01/11/2015,24/02/2018,970798.72,3061.33,967737.39,ILS,,,,,,,,,,,,
15.06,ETH,01/11/2015,24/02/2018,42920.89,135.35,42785.54,ILS,,,,,,,,,,,,
30.903519,ETH,01/11/2015,24/02/2018,85237.46,277.74,84959.72,ILS,,,,,,,,,,,,
32.27051,ETH,01/11/2015,24/02/2018,91970.72,290.02,91680.7,ILS,,,,,,,,,,,,
0.007774,ETH,01/11/2015,24/02/2018,22.16,0.07,22.09,ILS,,,,,,,,,,,,
0.007726,ETH,01/11/2015,24/02/2018,22.02,0.07,21.95,ILS,,,,,,,,,,,,
0.114386,ETH,01/11/2015,24/02/2018,326.15,1.03,325.12,ILS,,,,,,,,,,,,
0.002494,ETH,01/11/2015,24/02/2018,7.11,0.02,7.09,ILS,,,,,,,,,,,,
0.031779,ETH,01/11/2015,24/02/2018,90.62,0.29,90.33,ILS,,,,,,,,,,,,
0.181342,ETH,01/11/2015,24/02/2018,517.15,1.63,515.52,ILS,,,,,,,,,,,,
0.173325,ETH,01/11/2015,24/02/2018,494.33,1.56,492.77,ILS,,,,,,,,,,,,
0.084618,ETH,01/11/2015,24/02/2018,241.34,0.76,240.58,ILS,,,,,,,,,,,,
0.36,ETH,01/11/2015,24/02/2018,1026.78,3.24,1023.54,ILS,,,,,,,,,,,,
0.004987,ETH,01/11/2015,24/02/2018,14.23,0.04,14.19,ILS,,,,,,,,,,,,
1.208002,ETH,01/11/2015,24/02/2018,3447.71,10.86,3436.85,ILS,,,,,,,,,,,,
0.301218,ETH,01/11/2015,24/02/2018,859.78,2.71,857.07,ILS,,,,,,,,,,,,
0.002317,ETH,01/11/2015,24/02/2018,6.61,0.02,6.59,ILS,,,,,,,,,,,,
0.013638,ETH,01/11/2015,24/02/2018,38.93,0.12,38.81,ILS,,,,,,,,,,,,
1.5,ETH,01/11/2015,24/02/2018,4282.07,13.48,4268.59,ILS,,,,,,,,,,,,
0.057468,ETH,01/11/2015,24/02/2018,164.05,0.52,163.53,ILS,,,,,,,,,,,,
0.362286,ETH,01/11/2015,24/02/2018,1034.32,3.26,1031.06,ILS,,,,,,,,,,,,
0.002492,ETH,01/11/2015,24/02/2018,7.12,0.02,7.1,ILS,,,,,,,,,,,,
0.002494,ETH,01/11/2015,24/02/2018,7.12,0.02,7.1,ILS,,,,,,,,,,,,
1.207375,ETH,01/11/2015,24/02/2018,3447.71,10.85,3436.86,ILS,,,,,,,,,,,,
0.012,ETH,01/11/2015,24/02/2018,34.28,0.11,34.17,ILS,,,,,,,,,,,,
0.011833,ETH,01/11/2015,24/02/2018,33.8,0.11,33.69,ILS,,,,,,,,,,,,
0.002315,ETH,01/11/2015,24/02/2018,6.61,0.02,6.59,ILS,,,,,,,,,,,,
0.001328,ETH,01/11/2015,24/02/2018,3.79,0.01,3.78,ILS,,,,,,,,,,,,
4.887839,ETH,01/11/2015,24/02/2018,13967.55,43.93,13923.62,ILS,,,,,,,,,,,,
0.120627,ETH,01/11/2015,24/02/2018,344.77,1.08,343.69,ILS,,,,,,,,,,,,
0.056574,ETH,01/11/2015,24/02/2018,161.7,0.51,161.19,ILS,,,,,,,,,,,,
3.165038,ETH,01/11/2015,24/02/2018,9047.62,28.44,9019.18,ILS,,,,,,,,,,,,
0.012448,ETH,01/11/2015,24/02/2018,35.59,0.11,35.48,ILS,,,,,,,,,,,,
0.235,ETH,01/11/2015,24/02/2018,671.94,2.11,669.83,ILS,,,,,,,,,,,,
0.033,ETH,01/11/2015,24/02/2018,94.38,0.3,94.08,ILS,,,,,,,,,,,,
0.006663,ETH,01/11/2015,24/02/2018,19.06,0.06,19,ILS,,,,,,,,,,,,
0.000248,ETH,01/11/2015,24/02/2018,0.71,0,0.71,ILS,,,,,,,,,,,,
0.011053,ETH,01/11/2015,24/02/2018,31.62,0.1,31.52,ILS,,,,,,,,,,,,
0.124687,ETH,01/11/2015,24/02/2018,356.75,1.12,355.63,ILS,,,,,,,,,,,,
0.016884,ETH,01/11/2015,24/02/2018,48.31,0.15,48.16,ILS,,,,,,,,,,,,
0.048199,ETH,01/11/2015,24/02/2018,137.91,0.43,137.48,ILS,,,,,,,,,,,,
1.8,ETH,01/11/2015,24/02/2018,5150.9,16.18,5134.72,ILS,,,,,,,,,,,,
0.202308,ETH,01/11/2015,24/02/2018,578.93,1.82,577.11,ILS,,,,,,,,,,,,
0.049875,ETH,01/11/2015,24/02/2018,142.72,0.45,142.27,ILS,,,,,,,,,,,,
20,ETH,01/11/2015,24/02/2018,57232.23,179.74,57052.49,ILS,,,,,,,,,,,,
0.005201,ETH,01/11/2015,24/02/2018,14.88,0.05,14.83,ILS,,,,,,,,,,,,
0.261868,ETH,01/11/2015,24/02/2018,749.36,2.35,747.01,ILS,,,,,,,,,,,,
0.284376,ETH,01/11/2015,24/02/2018,813.77,2.56,811.21,ILS,,,,,,,,,,,,
0.5,ETH,01/11/2015,24/02/2018,1430.98,4.49,1426.49,ILS,,,,,,,,,,,,
0.012515,ETH,01/11/2015,24/02/2018,35.82,0.11,35.71,ILS,,,,,,,,,,,,
0.240875,ETH,01/11/2015,24/02/2018,689.55,2.16,687.39,ILS,,,,,,,,,,,,
4.506307,ETH,01/11/2015,24/02/2018,12904.47,40.5,12863.97,ILS,,,,,,,,,,,,
0.1,ETH,01/11/2015,24/02/2018,286.4,0.9,285.5,ILS,,,,,,,,,,,,
0.0073,ETH,01/11/2015,24/02/2018,20.91,0.07,20.84,ILS,,,,,,,,,,,,
1.21335,ETH,01/11/2015,24/02/2018,3475.82,10.9,3464.92,ILS,,,,,,,,,,,,
0.504696,ETH,01/11/2015,24/02/2018,1445.98,4.54,1441.44,ILS,,,,,,,,,,,,
0.007733,ETH,01/11/2015,24/02/2018,22.17,0.07,22.1,ILS,,,,,,,,,,,,
0.002388,ETH,01/11/2015,24/02/2018,6.85,0.02,6.83,ILS,,,,,,,,,,,,
0.4,ETH,01/11/2015,24/02/2018,1146.85,3.59,1143.26,ILS,,,,,,,,,,,,
0.033,ETH,01/11/2015,24/02/2018,94.64,0.3,94.34,ILS,,,,,,,,,,,,
0.033,ETH,01/11/2015,24/02/2018,94.66,0.3,94.36,ILS,,,,,,,,,,,,
69.85583,ETH,01/11/2015,24/02/2018,200381.94,627.81,199754.13,ILS,,,,,,,,,,,,
0.060086,ETH,01/11/2015,24/02/2018,172.39,0.54,171.85,ILS,,,,,,,,,,,,
0.028714,ETH,01/11/2015,24/02/2018,82.38,0.26,82.12,ILS,,,,,,,,,,,,
0.009901,ETH,01/11/2015,24/02/2018,28.41,0.09,28.32,ILS,,,,,,,,,,,,
0.01442,ETH,01/11/2015,24/02/2018,41.37,0.13,41.24,ILS,,,,,,,,,,,,
0.012016,ETH,01/11/2015,24/02/2018,34.48,0.11,34.37,ILS,,,,,,,,,,,,
0.010434,ETH,01/11/2015,24/02/2018,29.94,0.09,29.85,ILS,,,,,,,,,,,,
0.001587,ETH,01/11/2015,24/02/2018,4.55,0.01,4.54,ILS,,,,,,,,,,,,
0.012016,ETH,01/11/2015,24/02/2018,34.48,0.11,34.37,ILS,,,,,,,,,,,,
0.536753,ETH,01/11/2015,24/02/2018,1540.05,4.82,1535.23,ILS,,,,,,,,,,,,
0.022699,ETH,01/11/2015,24/02/2018,65.13,0.2,64.93,ILS,,,,,,,,,,,,
0.002288,ETH,01/11/2015,24/02/2018,6.57,0.02,6.55,ILS,,,,,,,,,,,,
0.124687,ETH,01/11/2015,24/02/2018,358.04,1.12,356.92,ILS,,,,,,,,,,,,
0.20000001,ETH,01/11/2015,24/02/2018,574.39,1.8,572.59,ILS,,,,,,,,,,,,
0.21004,ETH,01/11/2015,24/02/2018,603.25,1.89,601.36,ILS,,,,,,,,,,,,
0.124688,ETH,01/11/2015,24/02/2018,358.12,1.12,357,ILS,,,,,,,,,,,,
0.001428,ETH,01/11/2015,24/02/2018,4.1,0.01,4.09,ILS,,,,,,,,,,,,
0.29403,ETH,01/11/2015,24/02/2018,844.61,2.64,841.97,ILS,,,,,,,,,,,,
2.808513,ETH,01/11/2015,24/02/2018,8071.25,25.24,8046.01,ILS,,,,,,,,,,,,
0.007197,ETH,01/11/2015,24/02/2018,20.68,0.06,20.62,ILS,,,,,,,,,,,,
0.124743,ETH,01/11/2015,24/02/2018,358.57,1.12,357.45,ILS,,,,,,,,,,,,
0.395129,ETH,01/11/2015,24/02/2018,1135.88,3.55,1132.33,ILS,,,,,,,,,,,,
179.604,ETH,01/11/2015,24/02/2018,516309.94,1614.14,514695.8,ILS,,,,,,,,,,,,
0.211058,ETH,01/11/2015,24/02/2018,606.92,1.9,605.02,ILS,,,,,,,,,,,,
0.00403,ETH,01/11/2015,24/02/2018,11.59,0.04,11.55,ILS,,,,,,,,,,,,
0.033,ETH,01/11/2015,24/02/2018,94.93,0.3,94.63,ILS,,,,,,,,,,,,
1.122016,ETH,01/11/2015,24/02/2018,3229.81,10.08,3219.73,ILS,,,,,,,,,,,,
1.344581,ETH,01/11/2015,24/02/2018,3870.62,12.08,3858.54,ILS,,,,,,,,,,,,
0.001428,ETH,01/11/2015,24/02/2018,4.11,0.01,4.1,ILS,,,,,,,,,,,,
0.024938,ETH,01/11/2015,24/02/2018,71.79,0.22,71.57,ILS,,,,,,,,,,,,
9.975,ETH,01/11/2015,24/02/2018,28716.53,89.65,28626.88,ILS,,,,,,,,,,,,
0.002367,ETH,01/11/2015,24/02/2018,6.81,0.02,6.79,ILS,,,,,,,,,,,,
0.005,ETH,01/11/2015,24/02/2018,14.4,0.04,14.36,ILS,,,,,,,,,,,,
0.09197,ETH,01/11/2015,24/02/2018,264.81,0.83,263.98,ILS,,,,,,,,,,,,
10.78884,ETH,01/11/2015,24/02/2018,31066.89,96.96,30969.93,ILS,,,,,,,,,,,,
0.239434,ETH,01/11/2015,24/02/2018,689.55,2.15,687.4,ILS,,,,,,,,,,,,
0.001428,ETH,01/11/2015,24/02/2018,4.11,0.01,4.1,ILS,,,,,,,,,,,,
1.399281,ETH,01/11/2015,24/02/2018,4030.78,12.58,4018.2,ILS,,,,,,,,,,,,
1.406683,ETH,01/11/2015,24/02/2018,4052.25,12.64,4039.61,ILS,,,,,,,,,,,,
0.00691,ETH,01/11/2015,24/02/2018,19.91,0.06,19.85,ILS,,,,,,,,,,,,
0.0013,ETH,01/11/2015,24/02/2018,3.75,0.01,3.74,ILS,,,,,,,,,,,,
0.1,ETH,01/11/2015,24/02/2018,288.13,0.9,287.23,ILS,,,,,,,,,,,,
0.001428,ETH,01/11/2015,24/02/2018,4.12,0.01,4.11,ILS,,,,,,,,,,,,
0.837453,ETH,01/11/2015,24/02/2018,2413.41,7.53,2405.88,ILS,,,,,,,,,,,,
0.007689,ETH,01/11/2015,24/02/2018,22.16,0.07,22.09,ILS,,,,,,,,,,,,
0.238636,ETH,01/11/2015,24/02/2018,687.82,2.14,685.68,ILS,,,,,,,,,,,,
146.7393,ETH,01/11/2015,24/02/2018,422961.55,1318.78,421642.77,ILS,,,,,,,,,,,,
0.0066,ETH,01/11/2015,24/02/2018,19.02,0.06,18.96,ILS,,,,,,,,,,,,
0.013008,ETH,01/11/2015,24/02/2018,37.51,0.12,37.39,ILS,,,,,,,,,,,,
0.002087,ETH,01/11/2015,24/02/2018,6.02,0.02,6,ILS,,,,,,,,,,,,
0.001428,ETH,01/11/2015,24/02/2018,4.12,0.01,4.11,ILS,,,,,,,,,,,,
0.0013,ETH,01/11/2015,24/02/2018,3.75,0.01,3.74,ILS,,,,,,,,,,,,
0.001428,ETH,01/11/2015,24/02/2018,4.12,0.01,4.11,ILS,,,,,,,,,,,,
0.017588,ETH,01/11/2015,24/02/2018,50.75,0.16,50.59,ILS,,,,,,,,,,,,
0.001552,ETH,01/11/2015,24/02/2018,4.48,0.01,4.47,ILS,,,,,,,,,,,,
0.0066,ETH,01/11/2015,24/02/2018,19.05,0.06,18.99,ILS,,,,,,,,,,,,
0.14223,ETH,01/11/2015,24/02/2018,410.53,1.28,409.25,ILS,,,,,,,,,,,,
0.179166,ETH,01/11/2015,24/02/2018,517.16,1.61,515.55,ILS,,,,,,,,,,,,
0.025945,ETH,01/11/2015,24/02/2018,74.89,0.23,74.66,ILS,,,,,,,,,,,,
0.1,ETH,01/11/2015,24/02/2018,288.71,0.9,287.81,ILS,,,,,,,,,,,,
0.198631,ETH,01/11/2015,24/02/2018,573.48,1.79,571.69,ILS,,,,,,,,,,,,
0.001496,ETH,01/11/2015,24/02/2018,4.32,0.01,4.31,ILS,,,,,,,,,,,,
0.412257,ETH,01/11/2015,24/02/2018,1190.38,3.71,1186.67,ILS,,,,,,,,,,,,
0.227335,ETH,01/11/2015,24/02/2018,656.65,2.04,654.61,ILS,,,,,,,,,,,,
0.188808,ETH,01/11/2015,24/02/2018,545.39,1.7,543.69,ILS,,,,,,,,,,,,
0.006683,ETH,01/11/2015,24/02/2018,19.31,0.06,19.25,ILS,,,,,,,,,,,,
0.11933,ETH,01/11/2015,24/02/2018,344.77,1.07,343.7,ILS,,,,,,,,,,,,
0.023864,ETH,01/11/2015,24/02/2018,68.96,0.21,68.75,ILS,,,,,,,,,,,,
0.010942,ETH,01/11/2015,24/02/2018,31.62,0.1,31.52,ILS,,,,,,,,,,,,
0.091281,ETH,01/11/2015,24/02/2018,263.82,0.82,263,ILS,,,,,,,,,,,,
2.5,ETH,01/11/2015,24/02/2018,7225.91,22.47,7203.44,ILS,,,,,,,,,,,,
0.116922,ETH,01/11/2015,24/02/2018,337.96,1.05,336.91,ILS,,,,,,,,,,,,
0.016104,ETH,01/11/2015,24/02/2018,46.55,0.14,46.41,ILS,,,,,,,,,,,,
340.632,ETH,01/11/2015,24/02/2018,984656.7,3061.33,981595.37,ILS,,,,,,,,,,,,
33.71288,ETH,01/11/2015,24/02/2018,97453.01,302.98,97150.03,ILS,,,,,,,,,,,,
5.424,ETH,01/11/2015,24/02/2018,15679.21,48.75,15630.46,ILS,,,,,,,,,,,,
0.20166,ETH,01/11/2015,24/02/2018,582.95,1.81,581.14,ILS,,,,,,,,,,,,
0.003759,ETH,01/11/2015,24/02/2018,10.87,0.03,10.84,ILS,,,,,,,,,,,,
0.002376,ETH,01/11/2015,24/02/2018,6.87,0.02,6.85,ILS,,,,,,,,,,,,
16.2349,ETH,01/11/2015,24/02/2018,46961.74,145.91,46815.83,ILS,,,,,,,,,,,,
0.032208,ETH,01/11/2015,24/02/2018,93.2,0.29,92.91,ILS,,,,,,,,,,,,
0.007733,ETH,01/11/2015,24/02/2018,22.39,0.07,22.32,ILS,,,,,,,,,,,,
7.181382,ETH,01/11/2015,24/02/2018,20797.92,64.54,20733.38,ILS,,,,,,,,,,,,
10.71301,ETH,01/11/2015,24/02/2018,31029.52,96.28,30933.24,ILS,,,,,,,,,,,,
0.359948,ETH,01/11/2015,24/02/2018,1042.7,3.23,1039.47,ILS,,,,,,,,,,,,
0.230404,ETH,01/11/2015,24/02/2018,667.45,2.07,665.38,ILS,,,,,,,,,,,,
0.238009,ETH,01/11/2015,24/02/2018,689.55,2.14,687.41,ILS,,,,,,,,,,,,
1.168199,ETH,01/11/2015,24/02/2018,3384.82,10.5,3374.32,ILS,,,,,,,,,,,,
0.002428,ETH,01/11/2015,24/02/2018,7.04,0.02,7.02,ILS,,,,,,,,,,,,
0.012722,ETH,01/11/2015,24/02/2018,36.87,0.11,36.76,ILS,,,,,,,,,,,,
0.040879,ETH,01/11/2015,24/02/2018,118.46,0.37,118.09,ILS,,,,,,,,,,,,
0.007668,ETH,01/11/2015,24/02/2018,22.22,0.07,22.15,ILS,,,,,,,,,,,,
0.009802,ETH,01/11/2015,24/02/2018,28.41,0.09,28.32,ILS,,,,,,,,,,,,
0.011896,ETH,01/11/2015,24/02/2018,34.48,0.11,34.37,ILS,,,,,,,,,,,,
0.007138,ETH,01/11/2015,24/02/2018,20.69,0.06,20.63,ILS,,,,,,,,,,,,
0.005165,ETH,01/11/2015,24/02/2018,14.97,0.05,14.92,ILS,,,,,,,,,,,,
0.001571,ETH,01/11/2015,24/02/2018,4.55,0.01,4.54,ILS,,,,,,,,,,,,
0.011896,ETH,01/11/2015,24/02/2018,34.48,0.11,34.37,ILS,,,,,,,,,,,,
0.265693,ETH,01/11/2015,24/02/2018,770.03,2.39,767.64,ILS,,,,,,,,,,,,
0.011236,ETH,01/11/2015,24/02/2018,32.56,0.1,32.46,ILS,,,,,,,,,,,,
0.1,ETH,01/11/2015,24/02/2018,289.85,0.9,288.95,ILS,,,,,,,,,,,,
0.212045,ETH,01/11/2015,24/02/2018,614.74,1.91,612.83,ILS,,,,,,,,,,,,
11.89,ETH,01/11/2015,24/02/2018,34474.26,106.86,34367.4,ILS,,,,,,,,,,,,
0.237812,ETH,01/11/2015,24/02/2018,689.54,2.14,687.4,ILS,,,,,,,,,,,,
0.458346,ETH,01/11/2015,24/02/2018,1329.15,4.12,1325.03,ILS,,,,,,,,,,,,
1.5,ETH,01/11/2015,24/02/2018,4349.82,13.48,4336.34,ILS,,,,,,,,,,,,
2.127672,ETH,01/11/2015,24/02/2018,6171.46,19.12,6152.34,ILS,,,,,,,,,,,,
0.002425,ETH,01/11/2015,24/02/2018,7.04,0.02,7.02,ILS,,,,,,,,,,,,
0.351671,ETH,01/11/2015,24/02/2018,1020.83,3.16,1017.67,ILS,,,,,,,,,,,,
0.19791,ETH,01/11/2015,24/02/2018,574.52,1.78,572.74,ILS,,,,,,,,,,,,
0.002421,ETH,01/11/2015,24/02/2018,7.03,0.02,7.01,ILS,,,,,,,,,,,,
0.006175,ETH,01/11/2015,24/02/2018,17.93,0.06,17.87,ILS,,,,,,,,,,,,
1.2792,ETH,01/11/2015,24/02/2018,3714.56,11.5,3703.06,ILS,,,,,,,,,,,,
0.113972,ETH,01/11/2015,24/02/2018,330.98,1.02,329.96,ILS,,,,,,,,,,,,
0.023444,ETH,01/11/2015,24/02/2018,68.08,0.21,67.87,ILS,,,,,,,,,,,,
3.085713,ETH,01/11/2015,24/02/2018,8964.05,27.73,8936.32,ILS,,,,,,,,,,,,
0.031016,ETH,01/11/2015,24/02/2018,90.11,0.28,89.83,ILS,,,,,,,,,,,,
0.120982,ETH,01/11/2015,24/02/2018,351.51,1.09,350.42,ILS,,,,,,,,,,,,
0.001483,ETH,01/11/2015,24/02/2018,4.31,0.01,4.3,ILS,,,,,,,,,,,,
0.00349,ETH,01/11/2015,24/02/2018,10.14,0.03,10.11,ILS,,,,,,,,,,,,
0.474596,ETH,01/11/2015,24/02/2018,1379.09,4.27,1374.82,ILS,,,,,,,,,,,,
0.00243,ETH,01/11/2015,24/02/2018,7.06,0.02,7.04,ILS,,,,,,,,,,,,
0.023203,ETH,01/11/2015,24/02/2018,67.43,0.21,67.22,ILS,,,,,,,,,,,,
1.001885,ETH,01/11/2015,24/02/2018,2911.91,9,2902.91,ILS,,,,,,,,,,,,
0.2,ETH,01/11/2015,24/02/2018,581.29,1.8,579.49,ILS,,,,,,,,,,,,
0.029598,ETH,01/11/2015,24/02/2018,86.03,0.27,85.76,ILS,,,,,,,,,,,,
0.002187,ETH,01/11/2015,24/02/2018,6.36,0.02,6.34,ILS,,,,,,,,,,,,
0.004306,ETH,01/11/2015,24/02/2018,12.52,0.04,12.48,ILS,,,,,,,,,,,,
0.15474,ETH,01/11/2015,24/02/2018,450.14,1.39,448.75,ILS,,,,,,,,,,,,
11.85182,ETH,01/11/2015,24/02/2018,34477.15,106.51,34370.64,ILS,,,,,,,,,,,,
0.001496,ETH,01/11/2015,24/02/2018,4.35,0.01,4.34,ILS,,,,,,,,,,,,
0.211249,ETH,01/11/2015,24/02/2018,614.91,1.9,613.01,ILS,,,,,,,,,,,,
0.082574,ETH,01/11/2015,24/02/2018,240.37,0.74,239.63,ILS,,,,,,,,,,,,
0.003551,ETH,01/11/2015,24/02/2018,10.34,0.03,10.31,ILS,,,,,,,,,,,,
0.059185,ETH,01/11/2015,24/02/2018,172.39,0.53,171.86,ILS,,,,,,,,,,,,
3.048675,ETH,01/11/2015,24/02/2018,8881.79,27.4,8854.39,ILS,,,,,,,,,,,,
2,ETH,01/11/2015,24/02/2018,5826.65,17.97,5808.68,ILS,,,,,,,,,,,,
0.012407,ETH,01/11/2015,24/02/2018,36.15,0.11,36.04,ILS,,,,,,,,,,,,
0.011601,ETH,01/11/2015,24/02/2018,33.8,0.1,33.7,ILS,,,,,,,,,,,,
1.197,ETH,01/11/2015,24/02/2018,3487.62,10.76,3476.86,ILS,,,,,,,,,,,,
0.007613,ETH,01/11/2015,24/02/2018,22.18,0.07,22.11,ILS,,,,,,,,,,,,
0.029868,ETH,01/11/2015,24/02/2018,87.04,0.27,86.77,ILS,,,,,,,,,,,,
0.055,ETH,01/11/2015,24/02/2018,160.28,0.49,159.79,ILS,,,,,,,,,,,,
5.851553,ETH,01/11/2015,24/02/2018,17055.16,52.59,17002.57,ILS,,,,,,,,,,,,
0.13807,ETH,01/11/2015,24/02/2018,402.56,1.24,401.32,ILS,,,,,,,,,,,,
3.068039,ETH,01/11/2015,24/02/2018,8949.1,27.57,8921.53,ILS,,,,,,,,,,,,
0.254335,ETH,01/11/2015,24/02/2018,741.88,2.29,739.59,ILS,,,,,,,,,,,,
0.002428,ETH,01/11/2015,24/02/2018,7.08,0.02,7.06,ILS,,,,,,,,,,,,
0.005671,ETH,01/11/2015,24/02/2018,16.55,0.05,16.5,ILS,,,,,,,,,,,,
19.952,ETH,01/11/2015,24/02/2018,58229.89,179.31,58050.58,ILS,,,,,,,,,,,,
11.585,ETH,01/11/2015,24/02/2018,33810.81,104.12,33706.69,ILS,,,,,,,,,,,,
0.108669,ETH,01/11/2015,24/02/2018,317.19,0.98,316.21,ILS,,,,,,,,,,,,
0.010833,ETH,01/11/2015,24/02/2018,31.62,0.1,31.52,ILS,,,,,,,,,,,,
0.088898,ETH,01/11/2015,24/02/2018,259.51,0.8,258.71,ILS,,,,,,,,,,,,
0.028763,ETH,01/11/2015,24/02/2018,83.99,0.26,83.73,ILS,,,,,,,,,,,,
0.01536,ETH,01/11/2015,24/02/2018,44.85,0.14,44.71,ILS,,,,,,,,,,,,
0.003224,ETH,01/11/2015,24/02/2018,9.42,0.03,9.39,ILS,,,,,,,,,,,,
0.058977,ETH,01/11/2015,24/02/2018,172.27,0.53,171.74,ILS,,,,,,,,,,,,
0.590095,ETH,01/11/2015,24/02/2018,1723.86,5.3,1718.56,ILS,,,,,,,,,,,,
0.177016,ETH,01/11/2015,24/02/2018,517.16,1.59,515.57,ILS,,,,,,,,,,,,
0.021185,ETH,01/11/2015,24/02/2018,61.89,0.19,61.7,ILS,,,,,,,,,,,,
0.00000459,ETH,01/11/2015,24/02/2018,0.01,0,0.01,ILS,,,,,,,,,,,,
0.027698,ETH,01/11/2015,24/02/2018,80.96,0.25,80.71,ILS,,,,,,,,,,,,
0.002409,ETH,01/11/2015,24/02/2018,7.04,0.02,7.02,ILS,,,,,,,,,,,,
0.100818,ETH,01/11/2015,24/02/2018,294.69,0.91,293.78,ILS,,,,,,,,,,,,
0.004746,ETH,01/11/2015,24/02/2018,13.88,0.04,13.84,ILS,,,,,,,,,,,,
0.341916,ETH,01/11/2015,24/02/2018,1000.05,3.07,996.98,ILS,,,,,,,,,,,,
0.189186,ETH,01/11/2015,24/02/2018,553.39,1.7,551.69,ILS,,,,,,,,,,,,
0.073135,ETH,01/11/2015,24/02/2018,213.94,0.66,213.28,ILS,,,,,,,,,,,,
74.93122,ETH,01/11/2015,24/02/2018,219226.63,673.42,218553.21,ILS,,,,,,,,,,,,
265.7008,ETH,01/11/2015,24/02/2018,777362.09,2387.91,774974.18,ILS,,,,,,,,,,,,
0.115006,ETH,01/11/2015,24/02/2018,336.58,1.03,335.55,ILS,,,,,,,,,,,,
0.009704,ETH,01/11/2015,24/02/2018,28.41,0.09,28.32,ILS,,,,,,,,,,,,
0.003533,ETH,01/11/2015,24/02/2018,10.34,0.03,10.31,ILS,,,,,,,,,,,,
0.002557,ETH,01/11/2015,24/02/2018,7.49,0.02,7.47,ILS,,,,,,,,,,,,
0.011777,ETH,01/11/2015,24/02/2018,34.48,0.11,34.37,ILS,,,,,,,,,,,,
0.011085,ETH,01/11/2015,24/02/2018,32.45,0.1,32.35,ILS,,,,,,,,,,,,
0.001556,ETH,01/11/2015,24/02/2018,4.56,0.01,4.55,ILS,,,,,,,,,,,,
0.011777,ETH,01/11/2015,24/02/2018,34.48,0.11,34.37,ILS,,,,,,,,,,,,
0.131518,ETH,01/11/2015,24/02/2018,385.01,1.18,383.83,ILS,,,,,,,,,,,,
0.005562,ETH,01/11/2015,24/02/2018,16.28,0.05,16.23,ILS,,,,,,,,,,,,
6.2,ETH,01/11/2015,24/02/2018,18153.05,55.72,18097.33,ILS,,,,,,,,,,,,
2.33,ETH,01/11/2015,24/02/2018,6822.03,20.94,6801.09,ILS,,,,,,,,,,,,
0.148621,ETH,01/11/2015,24/02/2018,435.17,1.34,433.83,ILS,,,,,,,,,,,,
0.094669,ETH,01/11/2015,24/02/2018,277.27,0.85,276.42,ILS,,,,,,,,,,,,
0.00752,ETH,01/11/2015,24/02/2018,22.03,0.07,21.96,ILS,,,,,,,,,,,,
0.00758,ETH,01/11/2015,24/02/2018,22.21,0.07,22.14,ILS,,,,,,,,,,,,
0.015,BCH,24/02/2018,24/02/2018,61.28,0,61.28,ILS,Y,,,,,,,,,,,
0.002965,BCH,24/02/2018,24/02/2018,12.11,0,12.11,ILS,Y,,,,,,,,,,,
0.940074,BCH,24/02/2018,24/02/2018,3840.72,0,3840.72,ILS,Y,,,,,,,,,,,
0.006387,BCH,24/02/2018,24/02/2018,26.1,0,26.1,ILS,Y,,,,,,,,,,,
0.084326,BCH,24/02/2018,24/02/2018,344.77,0,344.77,ILS,Y,,,,,,,,,,,
0.084322,BCH,24/02/2018,24/02/2018,344.77,0,344.77,ILS,Y,,,,,,,,,,,
0.004216,BCH,24/02/2018,24/02/2018,17.24,0,17.24,ILS,Y,,,,,,,,,,,
0.002688,BCH,24/02/2018,24/02/2018,10.99,0,10.99,ILS,Y,,,,,,,,,,,
0.001484,BCH,24/02/2018,24/02/2018,6.07,0,6.07,ILS,Y,,,,,,,,,,,
0.004216,BCH,24/02/2018,24/02/2018,17.24,0,17.24,ILS,Y,,,,,,,,,,,
0.001203,BCH,24/02/2018,24/02/2018,4.92,0,4.92,ILS,Y,,,,,,,,,,,
0.003603,BCH,24/02/2018,24/02/2018,14.73,0,14.73,ILS,Y,,,,,,,,,,,
0.000916,BCH,24/02/2018,24/02/2018,3.75,0,3.75,ILS,Y,,,,,,,,,,,
0.000927,BCH,24/02/2018,24/02/2018,3.79,0,3.79,ILS,Y,,,,,,,,,,,
0.003424,BCH,24/02/2018,24/02/2018,14,0,14,ILS,Y,,,,,,,,,,,
0.002318,BCH,24/02/2018,24/02/2018,9.48,0,9.48,ILS,Y,,,,,,,,,,,
0.008539,BCH,24/02/2018,24/02/2018,34.93,0,34.93,ILS,Y,,,,,,,,,,,
0.010849,BCH,24/02/2018,24/02/2018,44.37,0,44.37,ILS,Y,,,,,,,,,,,
0.004635,BCH,24/02/2018,24/02/2018,18.96,0,18.96,ILS,Y,,,,,,,,,,,
0.1,BCH,24/02/2018,24/02/2018,409.21,0,409.21,ILS,Y,,,,,,,,,,,
0.048346,BCH,24/02/2018,24/02/2018,197.85,0,197.85,ILS,Y,,,,,,,,,,,
0.002,BCH,24/02/2018,24/02/2018,8.18,0,8.18,ILS,Y,,,,,,,,,,,
0.01,BCH,24/02/2018,24/02/2018,40.92,0,40.92,ILS,Y,,,,,,,,,,,
0.016718,BCH,24/02/2018,24/02/2018,68.42,0,68.42,ILS,Y,,,,,,,,,,,
0.006739,BCH,24/02/2018,24/02/2018,27.58,0,27.58,ILS,Y,,,,,,,,,,,
0.00421,BCH,24/02/2018,24/02/2018,17.24,0,17.24,ILS,Y,,,,,,,,,,,
0.001547,BCH,24/02/2018,24/02/2018,6.33,0,6.33,ILS,Y,,,,,,,,,,,
0.002976,BCH,24/02/2018,24/02/2018,12.19,0,12.19,ILS,Y,,,,,,,,,,,
0.015,BCH,24/02/2018,24/02/2018,61.43,0,61.43,ILS,Y,,,,,,,,,,,
0.006381,BCH,24/02/2018,24/02/2018,26.13,0,26.13,ILS,Y,,,,,,,,,,,
0.244072,BCH,24/02/2018,24/02/2018,999.84,0,999.84,ILS,Y,,,,,,,,,,,
0.003239,BCH,24/02/2018,24/02/2018,13.27,0,13.27,ILS,Y,,,,,,,,,,,
0.001669,BCH,24/02/2018,24/02/2018,6.84,0,6.84,ILS,Y,,,,,,,,,,,
0.003244,BCH,24/02/2018,24/02/2018,13.29,0,13.29,ILS,Y,,,,,,,,,,,
0.172034,BCH,24/02/2018,24/02/2018,705.1,0,705.1,ILS,Y,,,,,,,,,,,
0.000909,BCH,24/02/2018,24/02/2018,3.54,0,3.54,ILS,Y,,,,,,,,,,,
0.008411,BCH,24/02/2018,24/02/2018,34.48,0,34.48,ILS,Y,,,,,,,,,,,
0.786583,BCH,24/02/2018,24/02/2018,3224.47,0,3224.47,ILS,Y,,,,,,,,,,,
0.035059,BCH,24/02/2018,24/02/2018,143.73,0,143.73,ILS,Y,,,,,,,,,,,
0.01682,BCH,24/02/2018,24/02/2018,68.96,0,68.96,ILS,Y,,,,,,,,,,,
0.006482,BCH,24/02/2018,24/02/2018,26.57,0,26.57,ILS,Y,,,,,,,,,,,
0.006493,BCH,24/02/2018,24/02/2018,26.62,0,26.62,ILS,Y,,,,,,,,,,,
0.000925,BCH,24/02/2018,24/02/2018,3.79,0,3.79,ILS,Y,,,,,,,,,,,
0.084085,BCH,24/02/2018,24/02/2018,344.77,0,344.77,ILS,Y,,,,,,,,,,,
0.006525,BCH,24/02/2018,24/02/2018,26.76,0,26.76,ILS,Y,,,,,,,,,,,
0.005049,BCH,24/02/2018,24/02/2018,20.71,0,20.71,ILS,Y,,,,,,,,,,,
0.132804,BCH,24/02/2018,24/02/2018,544.76,0,544.76,ILS,Y,,,,,,,,,,,
5.042441,BCH,24/02/2018,24/02/2018,20686.35,0,20686.35,ILS,Y,,,,,,,,,,,
0.002313,BCH,24/02/2018,24/02/2018,9.49,0,9.49,ILS,Y,,,,,,,,,,,
0.182805,BCH,24/02/2018,24/02/2018,750.01,0,750.01,ILS,Y,,,,,,,,,,,
0.084034,BCH,24/02/2018,24/02/2018,344.77,0,344.77,ILS,Y,,,,,,,,,,,
0.162312,BCH,24/02/2018,24/02/2018,665.93,0,665.93,ILS,Y,,,,,,,,,,,
0.084034,BCH,24/02/2018,24/02/2018,344.77,0,344.77,ILS,Y,,,,,,,,,,,
12.88445,BCH,24/02/2018,24/02/2018,52862.22,0,52862.22,ILS,Y,,,,,,,,,,,
0.4,BCH,24/02/2018,24/02/2018,1641.12,0,1641.12,ILS,Y,,,,,,,,,,,
0.168067,BCH,24/02/2018,24/02/2018,689.54,0,689.54,ILS,Y,,,,,,,,,,,
0.840336,BCH,24/02/2018,24/02/2018,3447.72,0,3447.72,ILS,Y,,,,,,,,,,,
0.05,BCH,24/02/2018,24/02/2018,205.14,0,205.14,ILS,Y,,,,,,,,,,,
0.000849,BCH,24/02/2018,24/02/2018,3.48,0,3.48,ILS,Y,,,,,,,,,,,
13.59664,BCH,24/02/2018,24/02/2018,55784.19,0,55784.19,ILS,Y,,,,,,,,,,,
1.680672,BCH,24/02/2018,24/02/2018,6895.45,0,6895.45,ILS,Y,,,,,,,,,,,
20.000924,BCH,24/02/2018,24/02/2018,82059.64,0,82059.64,ILS,Y,,,,,,,,,,,
0.000849,BCH,24/02/2018,24/02/2018,3.48,0,3.48,ILS,Y,,,,,,,,,,,
0.000909,BCH,24/02/2018,24/02/2018,3.73,0,3.73,ILS,Y,,,,,,,,,,,
1.55,BCH,24/02/2018,24/02/2018,6359.33,0,6359.33,ILS,Y,,,,,,,,,,,
0.084034,BCH,24/02/2018,24/02/2018,344.77,0,344.77,ILS,Y,,,,,,,,,,,
0.007808,BCH,24/02/2018,24/02/2018,32.03,0,32.03,ILS,Y,,,,,,,,,,,
0.093629,BCH,24/02/2018,24/02/2018,384.14,0,384.14,ILS,Y,,,,,,,,,,,
0.03,BCH,24/02/2018,24/02/2018,123.08,0,123.08,ILS,Y,,,,,,,,,,,
0.001386,BCH,24/02/2018,24/02/2018,5.69,0,5.69,ILS,Y,,,,,,,,,,,
0.015,BCH,24/02/2018,24/02/2018,61.56,0,61.56,ILS,Y,,,,,,,,,,,
0.007041,BCH,24/02/2018,24/02/2018,28.9,0,28.9,ILS,Y,,,,,,,,,,,
0.025189,BCH,24/02/2018,24/02/2018,103.43,0,103.43,ILS,Y,,,,,,,,,,,
0.1,BCH,24/02/2018,24/02/2018,410.63,0,410.63,ILS,Y,,,,,,,,,,,
0.001333,BCH,24/02/2018,24/02/2018,5.47,0,5.47,ILS,Y,,,,,,,,,,,
0.000923,BCH,24/02/2018,24/02/2018,3.79,0,3.79,ILS,Y,,,,,,,,,,,
0.3106,BCH,24/02/2018,24/02/2018,1275.98,0,1275.98,ILS,Y,,,,,,,,,,,
0.017729,BCH,24/02/2018,24/02/2018,72.83,0,72.83,ILS,Y,,,,,,,,,,,
0.250387,BCH,24/02/2018,24/02/2018,1028.67,0,1028.67,ILS,Y,,,,,,,,,,,
0.00091,BCH,24/02/2018,24/02/2018,3.74,0,3.74,ILS,Y,,,,,,,,,,,
0.1,BCH,24/02/2018,24/02/2018,410.93,0,410.93,ILS,Y,,,,,,,,,,,
0.002097,BCH,24/02/2018,24/02/2018,8.62,0,8.62,ILS,Y,,,,,,,,,,,
0.004194,BCH,24/02/2018,24/02/2018,17.24,0,17.24,ILS,Y,,,,,,,,,,,
0.002377,BCH,24/02/2018,24/02/2018,9.77,0,9.77,ILS,Y,,,,,,,,,,,
0.015571,BCH,24/02/2018,24/02/2018,64,0,64,ILS,Y,,,,,,,,,,,
0.001384,BCH,24/02/2018,24/02/2018,5.69,0,5.69,ILS,Y,,,,,,,,,,,
0.004194,BCH,24/02/2018,24/02/2018,17.24,0,17.24,ILS,Y,,,,,,,,,,,
0.003137,BCH,24/02/2018,24/02/2018,12.89,0,12.89,ILS,Y,,,,,,,,,,,
1.449923,BCH,24/02/2018,24/02/2018,5960.68,0,5960.68,ILS,Y,,,,,,,,,,,
0.000922,BCH,24/02/2018,24/02/2018,3.79,0,3.79,ILS,Y,,,,,,,,,,,
0.008416,BCH,24/02/2018,24/02/2018,34.6,0,34.6,ILS,Y,,,,,,,,,,,
0.0046,BCH,24/02/2018,24/02/2018,18.91,0,18.91,ILS,Y,,,,,,,,,,,
0.00415,BCH,24/02/2018,24/02/2018,17.07,0,17.07,ILS,Y,,,,,,,,,,,
4.274937,BCH,24/02/2018,24/02/2018,17583.4,0,17583.4,ILS,Y,,,,,,,,,,,
0.00812,BCH,24/02/2018,24/02/2018,33.4,0,33.4,ILS,Y,,,,,,,,,,,
0.002262,BCH,24/02/2018,24/02/2018,9.31,0,9.31,ILS,Y,,,,,,,,,,,
0.002027,BCH,24/02/2018,24/02/2018,8.34,0,8.34,ILS,Y,,,,,,,,,,,
0.00377,BCH,24/02/2018,24/02/2018,15.52,0,15.52,ILS,Y,,,,,,,,,,,
0.001407,BCH,24/02/2018,24/02/2018,5.79,0,5.79,ILS,Y,,,,,,,,,,,
0.002538,BCH,24/02/2018,24/02/2018,10.45,0,10.45,ILS,Y,,,,,,,,,,,
0.003082,BCH,24/02/2018,24/02/2018,12.69,0,12.69,ILS,Y,,,,,,,,,,,
0.082084,BCH,24/02/2018,24/02/2018,337.96,0,337.96,ILS,Y,,,,,,,,,,,
0.015,BCH,24/02/2018,24/02/2018,61.76,0,61.76,ILS,Y,,,,,,,,,,,
0.059322,BCH,24/02/2018,24/02/2018,244.34,0,244.34,ILS,Y,,,,,,,,,,,
0.002762,BCH,24/02/2018,24/02/2018,11.38,0,11.38,ILS,Y,,,,,,,,,,,
0.001594,BCH,24/02/2018,24/02/2018,6.57,0,6.57,ILS,Y,,,,,,,,,,,
0.337665,BCH,24/02/2018,24/02/2018,1391.19,0,1391.19,ILS,Y,,,,,,,,,,,
4.8,BCH,24/02/2018,24/02/2018,19782.6,0,19782.6,ILS,Y,,,,,,,,,,,
0.006416,BCH,24/02/2018,24/02/2018,26.45,0,26.45,ILS,Y,,,,,,,,,,,
0.000879,BCH,24/02/2018,24/02/2018,3.62,0,3.62,ILS,Y,,,,,,,,,,,
0.006459,BCH,24/02/2018,24/02/2018,26.63,0,26.63,ILS,Y,,,,,,,,,,,
0.001193,BCH,24/02/2018,24/02/2018,4.92,0,4.92,ILS,Y,,,,,,,,,,,
0.001287,BCH,24/02/2018,24/02/2018,5.31,0,5.31,ILS,Y,,,,,,,,,,,
0.000919,BCH,24/02/2018,24/02/2018,3.79,0,3.79,ILS,Y,,,,,,,,,,,
0.000879,BCH,24/02/2018,24/02/2018,3.63,0,3.63,ILS,Y,,,,,,,,,,,
0.415093,BCH,24/02/2018,24/02/2018,1712.67,0,1712.67,ILS,Y,,,,,,,,,,,
0.012646,BCH,24/02/2018,24/02/2018,52.19,0,52.19,ILS,Y,,,,,,,,,,,
0.122,BCH,24/02/2018,24/02/2018,503.61,0,503.61,ILS,Y,,,,,,,,,,,
0.002255,BCH,24/02/2018,24/02/2018,9.31,0,9.31,ILS,Y,,,,,,,,,,,
1.273526,BCH,24/02/2018,24/02/2018,5257.42,0,5257.42,ILS,Y,,,,,,,,,,,
0.000857,BCH,24/02/2018,24/02/2018,3.54,0,3.54,ILS,Y,,,,,,,,,,,
0.015,BCH,24/02/2018,24/02/2018,61.93,0,61.93,ILS,Y,,,,,,,,,,,
0.000919,BCH,24/02/2018,24/02/2018,3.79,0,3.79,ILS,Y,,,,,,,,,,,
0.143362,BCH,24/02/2018,24/02/2018,592.03,0,592.03,ILS,Y,,,,,,,,,,,
0.001811,BCH,24/02/2018,24/02/2018,7.48,0,7.48,ILS,Y,,,,,,,,,,,
0.004173,BCH,24/02/2018,24/02/2018,17.24,0,17.24,ILS,Y,,,,,,,,,,,
0.002069,BCH,24/02/2018,24/02/2018,8.55,0,8.55,ILS,Y,,,,,,,,,,,
0.001285,BCH,24/02/2018,24/02/2018,5.31,0,5.31,ILS,Y,,,,,,,,,,,
0.004173,BCH,24/02/2018,24/02/2018,17.24,0,17.24,ILS,Y,,,,,,,,,,,
0.01074,BCH,24/02/2018,24/02/2018,44.37,0,44.37,ILS,Y,,,,,,,,,,,
0.002675,BCH,24/02/2018,24/02/2018,11.05,0,11.05,ILS,Y,,,,,,,,,,,
5.9,BCH,24/02/2018,24/02/2018,24376.73,0,24376.73,ILS,Y,,,,,,,,,,,
8.344663,BCH,24/02/2018,24/02/2018,34477.23,0,34477.23,ILS,Y,,,,,,,,,,,
0.000918,BCH,24/02/2018,24/02/2018,3.79,0,3.79,ILS,Y,,,,,,,,,,,
0.002624,BCH,24/02/2018,24/02/2018,10.84,0,10.84,ILS,Y,,,,,,,,,,,
0.008294,BCH,24/02/2018,24/02/2018,34.28,0,34.28,ILS,Y,,,,,,,,,,,
0.015,BCH,24/02/2018,24/02/2018,61.99,0,61.99,ILS,Y,,,,,,,,,,,
0.00367,BCH,24/02/2018,24/02/2018,15.17,0,15.17,ILS,Y,,,,,,,,,,,
8.327421,BCH,24/02/2018,24/02/2018,34440.73,0,34440.73,ILS,Y,,,,,,,,,,,
0.006251,BCH,24/02/2018,24/02/2018,25.86,0,25.86,ILS,Y,,,,,,,,,,,
0.003125,BCH,24/02/2018,24/02/2018,12.93,0,12.93,ILS,Y,,,,,,,,,,,
0.001269,BCH,24/02/2018,24/02/2018,5.25,0,5.25,ILS,Y,,,,,,,,,,,
0.002104,BCH,24/02/2018,24/02/2018,8.7,0,8.7,ILS,Y,,,,,,,,,,,
4.166667,BCH,24/02/2018,24/02/2018,17238.63,0,17238.63,ILS,Y,,,,,,,,,,,
4.893338,BCH,24/02/2018,24/02/2018,20245.06,0,20245.06,ILS,Y,,,,,,,,,,,
0.046489,BCH,24/02/2018,24/02/2018,192.34,0,192.34,ILS,Y,,,,,,,,,,,
3.662853,BCH,24/02/2018,24/02/2018,15154.21,0,15154.21,ILS,Y,,,,,,,,,,,
1.518172,BCH,24/02/2018,24/02/2018,6281.09,0,6281.09,ILS,Y,,,,,,,,,,,
0.456721,BCH,24/02/2018,24/02/2018,1889.58,0,1889.58,ILS,Y,,,,,,,,,,,
0.246762,BCH,24/02/2018,24/02/2018,1020.92,0,1020.92,ILS,Y,,,,,,,,,,,
0.794074,BCH,24/02/2018,24/02/2018,3285.3,0,3285.3,ILS,Y,,,,,,,,,,,
2.913392,BCH,24/02/2018,24/02/2018,12053.49,0,12053.49,ILS,Y,,,,,,,,,,,
1.866659,BCH,24/02/2018,24/02/2018,7722.94,0,7722.94,ILS,Y,,,,,,,,,,,
0.010797,BCH,24/02/2018,24/02/2018,44.68,0,44.68,ILS,Y,,,,,,,,,,,
0.006249,BCH,24/02/2018,24/02/2018,25.86,0,25.86,ILS,Y,,,,,,,,,,,
0.015156,BCH,24/02/2018,24/02/2018,62.75,0,62.75,ILS,Y,,,,,,,,,,,
0.00229,BCH,24/02/2018,24/02/2018,9.48,0,9.48,ILS,Y,,,,,,,,,,,
0.00152,BCH,24/02/2018,24/02/2018,6.29,0,6.29,ILS,Y,,,,,,,,,,,
18.7923,BCH,24/02/2018,24/02/2018,77811.01,0,77811.01,ILS,Y,,,,,,,,,,,
0.00532,BCH,24/02/2018,24/02/2018,22.03,0,22.03,ILS,Y,,,,,,,,,,,
0.232996,BCH,24/02/2018,24/02/2018,964.77,0,964.77,ILS,Y,,,,,,,,,,,
2.494172,BCH,24/02/2018,24/02/2018,10327.66,0,10327.66,ILS,Y,,,,,,,,,,,
0.003124,BCH,24/02/2018,24/02/2018,12.94,0,12.94,ILS,Y,,,,,,,,,,,
0.083244,BCH,24/02/2018,24/02/2018,344.77,0,344.77,ILS,Y,,,,,,,,,,,
4.5,BCH,24/02/2018,24/02/2018,18638.5,0,18638.5,ILS,Y,,,,,,,,,,,
1.64,BCH,24/02/2018,24/02/2018,6792.7,0,6792.7,ILS,Y,,,,,,,,,,,
0.017171,BCH,24/02/2018,24/02/2018,71.12,0,71.12,ILS,Y,,,,,,,,,,,
0.142519,BCH,24/02/2018,24/02/2018,590.53,0,590.53,ILS,Y,,,,,,,,,,,
0.070343,BCH,24/02/2018,24/02/2018,291.54,0,291.54,ILS,Y,,,,,,,,,,,
1.002,BCH,24/02/2018,24/02/2018,4153.04,0,4153.04,ILS,Y,,,,,,,,,,,
0.006387,BCH,24/02/2018,24/02/2018,26.47,0,26.47,ILS,Y,,,,,,,,,,,
0.025627,BCH,24/02/2018,24/02/2018,106.22,0,106.22,ILS,Y,,,,,,,,,,,
0.00091,BCH,24/02/2018,24/02/2018,3.77,0,3.77,ILS,Y,,,,,,,,,,,
1.87923,BCH,24/02/2018,24/02/2018,7790.56,0,7790.56,ILS,Y,,,,,,,,,,,
0.001189,BCH,24/02/2018,24/02/2018,4.93,0,4.93,ILS,Y,,,,,,,,,,,
0.0046,BCH,24/02/2018,24/02/2018,19.07,0,19.07,ILS,Y,,,,,,,,,,,
0.015,BCH,24/02/2018,24/02/2018,62.22,0,62.22,ILS,Y,,,,,,,,,,,
0.003406,BCH,24/02/2018,24/02/2018,14.13,0,14.13,ILS,Y,,,,,,,,,,,
0.00133,BCH,24/02/2018,24/02/2018,5.52,0,5.52,ILS,Y,,,,,,,,,,,
0.123941,BCH,24/02/2018,24/02/2018,514.33,0,514.33,ILS,Y,,,,,,,,,,,
0.000914,BCH,24/02/2018,24/02/2018,3.79,0,3.79,ILS,Y,,,,,,,,,,,
0.003151,BCH,24/02/2018,24/02/2018,13.08,0,13.08,ILS,Y,,,,,,,,,,,
0.069,BCH,24/02/2018,24/02/2018,286.38,0,286.38,ILS,Y,,,,,,,,,,,
0.001248,BCH,24/02/2018,24/02/2018,5.18,0,5.18,ILS,Y,,,,,,,,,,,
0.006631,BCH,24/02/2018,24/02/2018,27.52,0,27.52,ILS,Y,,,,,,,,,,,
0.004152,BCH,24/02/2018,24/02/2018,17.24,0,17.24,ILS,Y,,,,,,,,,,,
0.001765,BCH,24/02/2018,24/02/2018,7.33,0,7.33,ILS,Y,,,,,,,,,,,
5,BCH,24/02/2018,24/02/2018,20761.68,0,20761.68,ILS,Y,,,,,,,,,,,
0.001187,BCH,24/02/2018,24/02/2018,4.93,0,4.93,ILS,Y,,,,,,,,,,,
0.004151,BCH,24/02/2018,24/02/2018,17.24,0,17.24,ILS,Y,,,,,,,,,,,
0.002218,BCH,24/02/2018,24/02/2018,9.21,0,9.21,ILS,Y,,,,,,,,,,,
0.000913,BCH,24/02/2018,24/02/2018,3.79,0,3.79,ILS,Y,,,,,,,,,,,
0.002241,BCH,24/02/2018,24/02/2018,9.31,0,9.31,ILS,Y,,,,,,,,,,,
0.008174,BCH,24/02/2018,24/02/2018,33.96,0,33.96,ILS,Y,,,,,,,,,,,
0.000879,BCH,24/02/2018,24/02/2018,3.65,0,3.65,ILS,Y,,,,,,,,,,,
0.009386,BCH,24/02/2018,24/02/2018,38.99,0,38.99,ILS,Y,,,,,,,,,,,
0.003195,BCH,24/02/2018,24/02/2018,13.27,0,13.27,ILS,Y,,,,,,,,,,,
4.124609,BCH,24/02/2018,24/02/2018,17139.28,0,17139.28,ILS,Y,,,,,,,,,,,
0.000901,BCH,24/02/2018,24/02/2018,3.74,0,3.74,ILS,Y,,,,,,,,,,,
0.000879,BCH,24/02/2018,24/02/2018,3.65,0,3.65,ILS,Y,,,,,,,,,,,
0.015,BCH,24/02/2018,24/02/2018,62.35,0,62.35,ILS,Y,,,,,,,,,,,
0.001327,BCH,24/02/2018,24/02/2018,5.52,0,5.52,ILS,Y,,,,,,,,,,,
19.0913,BCH,24/02/2018,24/02/2018,79374.2,0,79374.2,ILS,Y,,,,,,,,,,,
0.002488,BCH,24/02/2018,24/02/2018,10.34,0,10.34,ILS,Y,,,,,,,,,,,
0.001132,BCH,24/02/2018,24/02/2018,4.71,0,4.71,ILS,Y,,,,,,,,,,,
0.001675,BCH,24/02/2018,24/02/2018,6.96,0,6.96,ILS,Y,,,,,,,,,,,
5.5537,BCH,24/02/2018,24/02/2018,23096.44,0,23096.44,ILS,Y,,,,,,,,,,,
0.015624,BCH,24/02/2018,24/02/2018,64.98,0,64.98,ILS,Y,,,,,,,,,,,
0.01121,BCH,24/02/2018,24/02/2018,46.62,0,46.62,ILS,Y,,,,,,,,,,,
0.000857,BCH,24/02/2018,24/02/2018,3.56,0,3.56,ILS,Y,,,,,,,,,,,
0.001183,BCH,24/02/2018,24/02/2018,4.92,0,4.92,ILS,Y,,,,,,,,,,,
0.005802,BCH,24/02/2018,24/02/2018,24.13,0,24.13,ILS,Y,,,,,,,,,,,
51.63515,BCH,24/02/2018,24/02/2018,214771.45,0,214771.45,ILS,Y,,,,,,,,,,,
51.4659,BCH,24/02/2018,24/02/2018,214076.35,0,214076.35,ILS,Y,,,,,,,,,,,
24.9426,BCH,24/02/2018,24/02/2018,103750.65,0,103750.65,ILS,Y,,,,,,,,,,,
0.119468,BCH,24/02/2018,24/02/2018,496.96,0,496.96,ILS,Y,,,,,,,,,,,
0.001823,BCH,24/02/2018,24/02/2018,7.59,0,7.59,ILS,Y,,,,,,,,,,,
0.001447,BCH,24/02/2018,24/02/2018,6.02,0,6.02,ILS,Y,,,,,,,,,,,
0.024368,BCH,24/02/2018,24/02/2018,101.4,0,101.4,ILS,Y,,,,,,,,,,,
0.087424,BCH,24/02/2018,24/02/2018,363.84,0,363.84,ILS,Y,,,,,,,,,,,
3.6709,BCH,24/02/2018,24/02/2018,15283.82,0,15283.82,ILS,Y,,,,,,,,,,,
0.006269,BCH,24/02/2018,24/02/2018,26.11,0,26.11,ILS,Y,,,,,,,,,,,
0.006299,BCH,24/02/2018,24/02/2018,26.23,0,26.23,ILS,Y,,,,,,,,,,,
0.006303,BCH,24/02/2018,24/02/2018,26.25,0,26.25,ILS,Y,,,,,,,,,,,
0.000953,BCH,24/02/2018,24/02/2018,3.97,0,3.97,ILS,Y,,,,,,,,,,,
0.001324,BCH,24/02/2018,24/02/2018,5.52,0,5.52,ILS,Y,,,,,,,,,,,
0.001457,BCH,24/02/2018,24/02/2018,6.07,0,6.07,ILS,Y,,,,,,,,,,,
0.002234,BCH,24/02/2018,24/02/2018,9.31,0,9.31,ILS,Y,,,,,,,,,,,
0.054422,BCH,24/02/2018,24/02/2018,226.78,0,226.78,ILS,Y,,,,,,,,,,,
0.001092,BCH,24/02/2018,24/02/2018,4.55,0,4.55,ILS,Y,,,,,,,,,,,
0.00091,BCH,24/02/2018,24/02/2018,3.79,0,3.79,ILS,Y,,,,,,,,,,,
0.006372,BCH,24/02/2018,24/02/2018,26.56,0,26.56,ILS,Y,,,,,,,,,,,
0.048146,BCH,24/02/2018,24/02/2018,200.66,0,200.66,ILS,Y,,,,,,,,,,,
0.015,BCH,24/02/2018,24/02/2018,62.53,0,62.53,ILS,Y,,,,,,,,,,,
1,BCH,24/02/2018,24/02/2018,4168.4,0,4168.4,ILS,Y,,,,,,,,,,,
0.012518,BCH,24/02/2018,24/02/2018,52.18,0,52.18,ILS,Y,,,,,,,,,,,
0.3,BCH,24/02/2018,24/02/2018,1251.11,0,1251.11,ILS,Y,,,,,,,,,,,
4.133471,BCH,24/02/2018,24/02/2018,17238.66,0,17238.66,ILS,Y,,,,,,,,,,,
3.065786,BCH,24/02/2018,24/02/2018,12785.88,0,12785.88,ILS,Y,,,,,,,,,,,
7.773777,BCH,24/02/2018,24/02/2018,32420.58,0,32420.58,ILS,Y,,,,,,,,,,,
0.000909,BCH,24/02/2018,24/02/2018,3.79,0,3.79,ILS,Y,,,,,,,,,,,
0.012,BCH,24/02/2018,24/02/2018,50.05,0,50.05,ILS,Y,,,,,,,,,,,
4.132231,BCH,24/02/2018,24/02/2018,17238.62,0,17238.62,ILS,Y,,,,,,,,,,,
0.330579,BCH,24/02/2018,24/02/2018,1379.09,0,1379.09,ILS,Y,,,,,,,,,,,
0.000909,BCH,24/02/2018,24/02/2018,3.79,0,3.79,ILS,Y,,,,,,,,,,,
1.161554,BCH,24/02/2018,24/02/2018,4845.71,0,4845.71,ILS,Y,,,,,,,,,,,
0.082645,BCH,24/02/2018,24/02/2018,344.77,0,344.77,ILS,Y,,,,,,,,,,,
0.024793,BCH,24/02/2018,24/02/2018,103.43,0,103.43,ILS,Y,,,,,,,,,,,
0.033659,BCH,24/02/2018,24/02/2018,140.42,0,140.42,ILS,Y,,,,,,,,,,,
2.519381,BCH,24/02/2018,24/02/2018,10511.09,0,10511.09,ILS,Y,,,,,,,,,,,
0.073146,BCH,24/02/2018,24/02/2018,305.18,0,305.18,ILS,Y,,,,,,,,,,,
0.11153,BCH,24/02/2018,24/02/2018,465.35,0,465.35,ILS,Y,,,,,,,,,,,
0.004131,BCH,24/02/2018,24/02/2018,17.24,0,17.24,ILS,Y,,,,,,,,,,,
0.001463,BCH,24/02/2018,24/02/2018,6.11,0,6.11,ILS,Y,,,,,,,,,,,
0.00109,BCH,24/02/2018,24/02/2018,4.55,0,4.55,ILS,Y,,,,,,,,,,,
0.00413,BCH,24/02/2018,24/02/2018,17.24,0,17.24,ILS,Y,,,,,,,,,,,
0.001765,BCH,24/02/2018,24/02/2018,7.37,0,7.37,ILS,Y,,,,,,,,,,,
0.001321,BCH,24/02/2018,24/02/2018,5.51,0,5.51,ILS,Y,,,,,,,,,,,
0.000909,BCH,24/02/2018,24/02/2018,3.79,0,3.79,ILS,Y,,,,,,,,,,,
0.00184,BCH,24/02/2018,24/02/2018,7.68,0,7.68,ILS,Y,,,,,,,,,,,
52.1983,BCH,24/02/2018,24/02/2018,217898.47,0,217898.47,ILS,Y,,,,,,,,,,,
49.95114,BCH,24/02/2018,24/02/2018,208517.85,0,208517.85,ILS,Y,,,,,,,,,,,
47.32684,BCH,24/02/2018,24/02/2018,197562.87,0,197562.87,ILS,Y,,,,,,,,,,,
3,BCH,24/02/2018,24/02/2018,12524.55,0,12524.55,ILS,Y,,,,,,,,,,,
1,BCH,24/02/2018,24/02/2018,4174.85,0,4174.85,ILS,Y,,,,,,,,,,,
1.2717,BCH,24/02/2018,24/02/2018,5309.16,0,5309.16,ILS,Y,,,,,,,,,,,
0.610895,BCH,24/02/2018,24/02/2018,2550.39,0,2550.39,ILS,Y,,,,,,,,,,,
0.000367,BCH,24/02/2018,24/02/2018,1.53,0,1.53,ILS,Y,,,,,,,,,,,
0.002107,BCH,24/02/2018,24/02/2018,8.64,0,8.64,ILS,Y,,,,,,,,,,,
1.898,BCH,24/02/2018,24/02/2018,7394.47,0,7394.47,ILS,Y,,,,,,,,,,,
0.000957,BCH,24/02/2018,24/02/2018,3.73,0,3.73,ILS,Y,,,,,,,,,,,
0.005634,BCH,24/02/2018,24/02/2018,21.95,0,21.95,ILS,Y,,,,,,,,,,,
0.501072,BCH,24/02/2018,24/02/2018,1952.14,0,1952.14,ILS,Y,,,,,,,,,,,
0.018706,BCH,24/02/2018,24/02/2018,72.88,0,72.88,ILS,Y,,,,,,,,,,,
5.031,BCH,24/02/2018,24/02/2018,19600.42,0,19600.42,ILS,Y,,,,,,,,,,,
0.002121,BCH,24/02/2018,24/02/2018,8.26,0,8.26,ILS,Y,,,,,,,,,,,
0.118629,BCH,24/02/2018,24/02/2018,462.17,0,462.17,ILS,Y,,,,,,,,,,,
0.001,BCH,24/02/2018,24/02/2018,3.9,0,3.9,ILS,Y,,,,,,,,,,,
0.156298,BCH,24/02/2018,24/02/2018,614.31,0,614.31,ILS,Y,,,,,,,,,,,
0.008961,BCH,24/02/2018,24/02/2018,35.22,0,35.22,ILS,Y,,,,,,,,,,,
0.008676,BCH,24/02/2018,24/02/2018,34.1,0,34.1,ILS,Y,,,,,,,,,,,
0.025859,BCH,24/02/2018,24/02/2018,101.64,0,101.64,ILS,Y,,,,,,,,,,,
1.758087,BCH,24/02/2018,24/02/2018,6910,0,6910,ILS,Y,,,,,,,,,,,
1.75713,BCH,24/02/2018,24/02/2018,6906.23,0,6906.23,ILS,Y,,,,,,,,,,,
0.03,BCH,24/02/2018,24/02/2018,117.91,0,117.91,ILS,Y,,,,,,,,,,,
0.019859,BCH,24/02/2018,24/02/2018,78.05,0,78.05,ILS,Y,,,,,,,,,,,
0.374435,BCH,24/02/2018,24/02/2018,1471.68,0,1471.68,ILS,Y,,,,,,,,,,,
0.111673,BCH,24/02/2018,24/02/2018,438.92,0,438.92,ILS,Y,,,,,,,,,,,
5,BCH,24/02/2018,24/02/2018,19652.03,0,19652.03,ILS,Y,,,,,,,,,,,
3.241702,BCH,24/02/2018,24/02/2018,12741.21,0,12741.21,ILS,Y,,,,,,,,,,,
21.143541,BCH,24/02/2018,24/02/2018,83102.71,0,83102.71,ILS,Y,,,,,,,,,,,
0.087496,BCH,24/02/2018,24/02/2018,343.89,0,343.89,ILS,Y,,,,,,,,,,,
0.008758,BCH,24/02/2018,24/02/2018,34.42,0,34.42,ILS,Y,,,,,,,,,,,
0.656829,BCH,24/02/2018,24/02/2018,2581.6,0,2581.6,ILS,Y,,,,,,,,,,,
0.052544,BCH,24/02/2018,24/02/2018,206.52,0,206.52,ILS,Y,,,,,,,,,,,
0.770603,BCH,24/02/2018,24/02/2018,3028.78,0,3028.78,ILS,Y,,,,,,,,,,,
0.021003,BCH,24/02/2018,24/02/2018,82.55,0,82.55,ILS,Y,,,,,,,,,,,
4.140447,BCH,24/02/2018,24/02/2018,16273.64,0,16273.64,ILS,Y,,,,,,,,,,,
0.01914,BCH,24/02/2018,24/02/2018,75.23,0,75.23,ILS,Y,,,,,,,,,,,
0.000928,BCH,24/02/2018,24/02/2018,3.68,0,3.68,ILS,Y,,,,,,,,,,,
3.321931,BCH,24/02/2018,24/02/2018,13171.07,0,13171.07,ILS,Y,,,,,,,,,,,
0.956431,BCH,24/02/2018,24/02/2018,3792.14,0,3792.14,ILS,Y,,,,,,,,,,,
0.262751,BCH,24/02/2018,24/02/2018,1041.78,0,1041.78,ILS,Y,,,,,,,,,,,
0.014337,BCH,24/02/2018,24/02/2018,56.84,0,56.84,ILS,Y,,,,,,,,,,,
0.11325,BCH,24/02/2018,24/02/2018,449.02,0,449.02,ILS,Y,,,,,,,,,,,
0.004355,BCH,24/02/2018,24/02/2018,17.24,0,17.24,ILS,Y,,,,,,,,,,,
0.004296,BCH,24/02/2018,24/02/2018,17.02,0,17.02,ILS,Y,,,,,,,,,,,
0.008267,BCH,24/02/2018,24/02/2018,32.75,0,32.75,ILS,Y,,,,,,,,,,,
0.002727,BCH,24/02/2018,24/02/2018,10.81,0,10.81,ILS,Y,,,,,,,,,,,
4.71,BCH,24/02/2018,24/02/2018,18674.6,0,18674.6,ILS,Y,,,,,,,,,,,
17.3913,BCH,24/02/2018,24/02/2018,68954.48,0,68954.48,ILS,Y,,,,,,,,,,,
20.020104,BCH,24/02/2018,24/02/2018,79377.38,0,79377.38,ILS,Y,,,,,,,,,,,
0.014411,BCH,24/02/2018,24/02/2018,57.14,0,57.14,ILS,Y,,,,,,,,,,,
0.022887,BCH,24/02/2018,24/02/2018,90.74,0,90.74,ILS,Y,,,,,,,,,,,
0.080007,BCH,24/02/2018,24/02/2018,317.22,0,317.22,ILS,Y,,,,,,,,,,,
0.000909,BCH,24/02/2018,24/02/2018,3.6,0,3.6,ILS,Y,,,,,,,,,,,
1.73913,BCH,24/02/2018,24/02/2018,6895.45,0,6895.45,ILS,Y,,,,,,,,,,,
1.303696,BCH,24/02/2018,24/02/2018,5169,0,5169,ILS,Y,,,,,,,,,,,
0.173913,BCH,24/02/2018,24/02/2018,689.54,0,689.54,ILS,Y,,,,,,,,,,,
0.102041,BCH,24/02/2018,24/02/2018,404.58,0,404.58,ILS,Y,,,,,,,,,,,
0.742229,BCH,24/02/2018,24/02/2018,2942.85,0,2942.85,ILS,Y,,,,,,,,,,,
4.347826,BCH,24/02/2018,24/02/2018,17238.62,0,17238.62,ILS,Y,,,,,,,,,,,
0.869565,BCH,24/02/2018,24/02/2018,3447.72,0,3447.72,ILS,Y,,,,,,,,,,,
0.03,BCH,24/02/2018,24/02/2018,118.95,0,118.95,ILS,Y,,,,,,,,,,,
0.631506,BCH,24/02/2018,24/02/2018,2503.85,0,2503.85,ILS,Y,,,,,,,,,,,
0.008435,BCH,24/02/2018,24/02/2018,33.46,0,33.46,ILS,Y,,,,,,,,,,,
0.002,BCH,24/02/2018,24/02/2018,7.94,0,7.94,ILS,Y,,,,,,,,,,,
1.05,BCH,24/02/2018,24/02/2018,4170.37,0,4170.37,ILS,Y,,,,,,,,,,,
0.000968,BCH,24/02/2018,24/02/2018,3.84,0,3.84,ILS,Y,,,,,,,,,,,
0.020117,BCH,24/02/2018,24/02/2018,79.99,0,79.99,ILS,Y,,,,,,,,,,,
0.086655,BCH,24/02/2018,24/02/2018,344.77,0,344.77,ILS,Y,,,,,,,,,,,
0.271221,BCH,24/02/2018,24/02/2018,1079.89,0,1079.89,ILS,Y,,,,,,,,,,,
0.001039,BCH,24/02/2018,24/02/2018,4.14,0,4.14,ILS,Y,,,,,,,,,,,
0.404706,BCH,24/02/2018,24/02/2018,1611.59,0,1611.59,ILS,Y,,,,,,,,,,,
0.348952,BCH,24/02/2018,24/02/2018,1389.93,0,1389.93,ILS,Y,,,,,,,,,,,
0.001232,BCH,24/02/2018,24/02/2018,4.91,0,4.91,ILS,Y,,,,,,,,,,,
0.007324,BCH,24/02/2018,24/02/2018,29.23,0,29.23,ILS,Y,,,,,,,,,,,
0.008282,BCH,24/02/2018,24/02/2018,33.06,0,33.06,ILS,Y,,,,,,,,,,,
0.003751,BCH,24/02/2018,24/02/2018,14.97,0,14.97,ILS,Y,,,,,,,,,,,
0.002162,BCH,24/02/2018,24/02/2018,8.63,0,8.63,ILS,Y,,,,,,,,,,,
0.5,BCH,24/02/2018,24/02/2018,1996.92,0,1996.92,ILS,Y,,,,,,,,,,,
0.039669,BCH,24/02/2018,24/02/2018,158.46,0,158.46,ILS,Y,,,,,,,,,,,
0.041195,BCH,24/02/2018,24/02/2018,164.57,0,164.57,ILS,Y,,,,,,,,,,,
19.05466,BCH,24/02/2018,24/02/2018,74235.6,0,74235.6,ILS,Y,,,,,,,,,,,
0.058183,BCH,24/02/2018,24/02/2018,232.45,0,232.45,ILS,Y,,,,,,,,,,,
0.001723,BCH,24/02/2018,24/02/2018,6.89,0,6.89,ILS,Y,,,,,,,,,,,
0.000863,BCH,24/02/2018,24/02/2018,3.45,0,3.45,ILS,Y,,,,,,,,,,,
0.086247,BCH,24/02/2018,24/02/2018,344.77,0,344.77,ILS,Y,,,,,,,,,,,
0.018481,BCH,24/02/2018,24/02/2018,73.9,0,73.9,ILS,Y,,,,,,,,,,,
0.000948,BCH,24/02/2018,24/02/2018,3.79,0,3.79,ILS,Y,,,,,,,,,,,
20.100871,BCH,24/02/2018,24/02/2018,80390.63,0,80390.63,ILS,Y,,,,,,,,,,,
0.086207,BCH,24/02/2018,24/02/2018,344.77,0,344.77,ILS,Y,,,,,,,,,,,
1.090909,BCH,24/02/2018,24/02/2018,4362.94,0,4362.94,ILS,Y,,,,,,,,,,,
0.004945,BCH,24/02/2018,24/02/2018,19.78,0,19.78,ILS,Y,,,,,,,,,,,
0.025352,BCH,24/02/2018,24/02/2018,101.4,0,101.4,ILS,Y,,,,,,,,,,,
0.01062,BCH,24/02/2018,24/02/2018,42.5,0,42.5,ILS,Y,,,,,,,,,,,
0.007746,BCH,24/02/2018,24/02/2018,31.03,0,31.03,ILS,Y,,,,,,,,,,,
0.005075,BCH,24/02/2018,24/02/2018,20.33,0,20.33,ILS,Y,,,,,,,,,,,
0.086038,BCH,24/02/2018,24/02/2018,344.77,0,344.77,ILS,Y,,,,,,,,,,,
0.086035,BCH,24/02/2018,24/02/2018,344.77,0,344.77,ILS,Y,,,,,,,,,,,
0.085985,BCH,24/02/2018,24/02/2018,344.77,0,344.77,ILS,Y,,,,,,,,,,,
0.042992,BCH,24/02/2018,24/02/2018,172.39,0,172.39,ILS,Y,,,,,,,,,,,
0.017686,BCH,24/02/2018,24/02/2018,70.94,0,70.94,ILS,Y,,,,,,,,,,,
0.025693,BCH,24/02/2018,24/02/2018,103.09,0,103.09,ILS,Y,,,,,,,,,,,
0.007941,BCH,24/02/2018,24/02/2018,31.86,0,31.86,ILS,Y,,,,,,,,,,,
0.019248,BCH,24/02/2018,24/02/2018,77.23,0,77.23,ILS,Y,,,,,,,,,,,
0.008591,BCH,24/02/2018,24/02/2018,34.48,0,34.48,ILS,Y,,,,,,,,,,,
0.249045,BCH,24/02/2018,24/02/2018,999.84,0,999.84,ILS,Y,,,,,,,,,,,
0.05,BCH,24/02/2018,24/02/2018,200.83,0,200.83,ILS,Y,,,,,,,,,,,
0.085832,BCH,24/02/2018,24/02/2018,344.77,0,344.77,ILS,Y,,,,,,,,,,,
0.008583,BCH,24/02/2018,24/02/2018,34.48,0,34.48,ILS,Y,,,,,,,,,,,
0.017888,BCH,24/02/2018,24/02/2018,71.89,0,71.89,ILS,Y,,,,,,,,,,,
0.032112,BCH,24/02/2018,24/02/2018,129.09,0,129.09,ILS,Y,,,,,,,,,,,
1,BCH,24/02/2018,24/02/2018,4020.74,0,4020.74,ILS,Y,,,,,,,,,,,
0.001222,BCH,24/02/2018,24/02/2018,4.91,0,4.91,ILS,Y,,,,,,,,,,,
0.001337,BCH,24/02/2018,24/02/2018,5.38,0,5.38,ILS,Y,,,,,,,,,,,
0.1,BCH,24/02/2018,24/02/2018,402.31,0,402.31,ILS,Y,,,,,,,,,,,
0.171315,BCH,24/02/2018,24/02/2018,689.54,0,689.54,ILS,Y,,,,,,,,,,,
2.140774,BCH,24/02/2018,24/02/2018,8619.3,0,8619.3,ILS,Y,,,,,,,,,,,
0.030358,BCH,24/02/2018,24/02/2018,122.23,0,122.23,ILS,Y,,,,,,,,,,,
0.002909,BCH,24/02/2018,24/02/2018,11.71,0,11.71,ILS,Y,,,,,,,,,,,
0.4,BCH,24/02/2018,24/02/2018,1612,0,1612,ILS,Y,,,,,,,,,,,
0.008199,BCH,24/02/2018,24/02/2018,33.06,0,33.06,ILS,Y,,,,,,,,,,,
0.000863,BCH,24/02/2018,24/02/2018,3.48,0,3.48,ILS,Y,,,,,,,,,,,
20,BCH,24/02/2018,24/02/2018,80676.76,0,80676.76,ILS,Y,,,,,,,,,,,
0.689057,BCH,24/02/2018,24/02/2018,2779.54,0,2779.54,ILS,Y,,,,,,,,,,,
0.002564,BCH,24/02/2018,24/02/2018,10.34,0,10.34,ILS,Y,,,,,,,,,,,
0.164011,BCH,24/02/2018,24/02/2018,661.59,0,661.59,ILS,Y,,,,,,,,,,,
0.000909,BCH,24/02/2018,24/02/2018,3.67,0,3.67,ILS,Y,,,,,,,,,,,
1.08,BCH,24/02/2018,24/02/2018,4356.55,0,4356.55,ILS,Y,,,,,,,,,,,
0.082084,BCH,24/02/2018,24/02/2018,331.12,0,331.12,ILS,Y,,,,,,,,,,,
0.01135,BCH,24/02/2018,24/02/2018,45.81,0,45.81,ILS,Y,,,,,,,,,,,
1.281149,BCH,24/02/2018,24/02/2018,5171.17,0,5171.17,ILS,Y,,,,,,,,,,,
0.00427,BCH,24/02/2018,24/02/2018,17.24,0,17.24,ILS,Y,,,,,,,,,,,
0.240725,BCH,24/02/2018,24/02/2018,971.88,0,971.88,ILS,Y,,,,,,,,,,,
0.1,BCH,24/02/2018,24/02/2018,403.74,0,403.74,ILS,Y,,,,,,,,,,,
0.085385,BCH,24/02/2018,24/02/2018,344.77,0,344.77,ILS,Y,,,,,,,,,,,
0.1,BCH,24/02/2018,24/02/2018,404.04,0,404.04,ILS,Y,,,,,,,,,,,
0.000939,BCH,24/02/2018,24/02/2018,3.79,0,3.79,ILS,Y,,,,,,,,,,,
0.022997,BCH,24/02/2018,24/02/2018,93,0,93,ILS,Y,,,,,,,,,,,
0.008425,BCH,24/02/2018,24/02/2018,34.08,0,34.08,ILS,Y,,,,,,,,,,,
0.002134,BCH,24/02/2018,24/02/2018,8.63,0,8.63,ILS,Y,,,,,,,,,,,
0.03729,BCH,24/02/2018,24/02/2018,150.91,0,150.91,ILS,Y,,,,,,,,,,,
0.2,BCH,24/02/2018,24/02/2018,809.44,0,809.44,ILS,Y,,,,,,,,,,,
0.315971,BCH,24/02/2018,24/02/2018,1278.91,0,1278.91,ILS,Y,,,,,,,,,,,
0.972392,BCH,24/02/2018,24/02/2018,3935.88,0,3935.88,ILS,Y,,,,,,,,,,,
0.085177,BCH,24/02/2018,24/02/2018,344.77,0,344.77,ILS,Y,,,,,,,,,,,
0.085174,BCH,24/02/2018,24/02/2018,344.77,0,344.77,ILS,Y,,,,,,,,,,,
0.004241,BCH,24/02/2018,24/02/2018,17.17,0,17.17,ILS,Y,,,,,,,,,,,
0.018394,BCH,24/02/2018,24/02/2018,74.47,0,74.47,ILS,Y,,,,,,,,,,,
0.007237,BCH,24/02/2018,24/02/2018,29.3,0,29.3,ILS,Y,,,,,,,,,,,
0.010958,BCH,24/02/2018,24/02/2018,44.37,0,44.37,ILS,Y,,,,,,,,,,,
0.000936,BCH,24/02/2018,24/02/2018,3.79,0,3.79,ILS,Y,,,,,,,,,,,
0.004417,BCH,24/02/2018,24/02/2018,17.89,0,17.89,ILS,Y,,,,,,,,,,,
0.001,BCH,24/02/2018,24/02/2018,4.05,0,4.05,ILS,Y,,,,,,,,,,,
4.255319,BCH,24/02/2018,24/02/2018,17238.62,0,17238.62,ILS,Y,,,,,,,,,,,
0.15,BCH,24/02/2018,24/02/2018,607.66,0,607.66,ILS,Y,,,,,,,,,,,
0.737415,BCH,24/02/2018,24/02/2018,2987.32,0,2987.32,ILS,Y,,,,,,,,,,,
0.1,BCH,24/02/2018,24/02/2018,405.11,0,405.11,ILS,Y,,,,,,,,,,,
0.007532,BCH,24/02/2018,24/02/2018,30.52,0,30.52,ILS,Y,,,,,,,,,,,
0.000916,BCH,24/02/2018,24/02/2018,3.71,0,3.71,ILS,Y,,,,,,,,,,,
0.015,BCH,24/02/2018,24/02/2018,60.79,0,60.79,ILS,Y,,,,,,,,,,,
1.02057,BCH,24/02/2018,24/02/2018,4136.94,0,4136.94,ILS,Y,,,,,,,,,,,
1,BCH,24/02/2018,24/02/2018,4053.94,0,4053.94,ILS,Y,,,,,,,,,,,
0.001212,BCH,24/02/2018,24/02/2018,4.91,0,4.91,ILS,Y,,,,,,,,,,,
0.004423,BCH,24/02/2018,24/02/2018,17.94,0,17.94,ILS,Y,,,,,,,,,,,
0.25492,BCH,24/02/2018,24/02/2018,1034.32,0,1034.32,ILS,Y,,,,,,,,,,,
0.1,BCH,24/02/2018,24/02/2018,405.76,0,405.76,ILS,Y,,,,,,,,,,,
0.007477,BCH,24/02/2018,24/02/2018,30.35,0,30.35,ILS,Y,,,,,,,,,,,
0.084934,BCH,24/02/2018,24/02/2018,344.77,0,344.77,ILS,Y,,,,,,,,,,,
18.7923,BCH,24/02/2018,24/02/2018,76293.61,0,76293.61,ILS,Y,,,,,,,,,,,
0.002612,BCH,24/02/2018,24/02/2018,10.62,0,10.62,ILS,Y,,,,,,,,,,,
0.505832,BCH,24/02/2018,24/02/2018,2057.33,0,2057.33,ILS,Y,,,,,,,,,,,
0.028956,BCH,24/02/2018,24/02/2018,117.79,0,117.79,ILS,Y,,,,,,,,,,,
1.100856,BCH,24/02/2018,24/02/2018,4478.63,0,4478.63,ILS,Y,,,,,,,,,,,
0.830277,BCH,24/02/2018,24/02/2018,3377.83,0,3377.83,ILS,Y,,,,,,,,,,,
20.000909,BCH,24/02/2018,24/02/2018,81370,0,81370,ILS,Y,,,,,,,,,,,
0.084746,BCH,24/02/2018,24/02/2018,344.77,0,344.77,ILS,Y,,,,,,,,,,,
1.135,BCH,24/02/2018,24/02/2018,4617.54,0,4617.54,ILS,Y,,,,,,,,,,,
0.008663,BCH,24/02/2018,24/02/2018,35.25,0,35.25,ILS,Y,,,,,,,,,,,
0.015,BCH,24/02/2018,24/02/2018,61.04,0,61.04,ILS,Y,,,,,,,,,,,
0.005125,BCH,24/02/2018,24/02/2018,20.86,0,20.86,ILS,Y,,,,,,,,,,,
0.1,BCH,24/02/2018,24/02/2018,407.19,0,407.19,ILS,Y,,,,,,,,,,,
0.008117,BCH,24/02/2018,24/02/2018,33.06,0,33.06,ILS,Y,,,,,,,,,,,
0.004232,BCH,24/02/2018,24/02/2018,17.24,0,17.24,ILS,Y,,,,,,,,,,,
0.003419,BCH,24/02/2018,24/02/2018,13.93,0,13.93,ILS,Y,,,,,,,,,,,
0.001688,BCH,24/02/2018,24/02/2018,6.88,0,6.88,ILS,Y,,,,,,,,,,,
0.01006,BCH,24/02/2018,24/02/2018,40.99,0,40.99,ILS,Y,,,,,,,,,,,
0.1,BCH,24/02/2018,24/02/2018,407.48,0,407.48,ILS,Y,,,,,,,,,,,
0.020304,BCH,24/02/2018,24/02/2018,82.74,0,82.74,ILS,Y,,,,,,,,,,,
0.014436,BCH,24/02/2018,24/02/2018,58.83,0,58.83,ILS,Y,,,,,,,,,,,
0.020342,BCH,24/02/2018,24/02/2018,82.92,0,82.92,ILS,Y,,,,,,,,,,,
0.003721,BCH,24/02/2018,24/02/2018,15.17,0,15.17,ILS,Y,,,,,,,,,,,
0.001745,BCH,24/02/2018,24/02/2018,7.11,0,7.11,ILS,Y,,,,,,,,,,,
0.004289,BCH,24/02/2018,24/02/2018,17.49,0,17.49,ILS,Y,,,,,,,,,,,
0.084531,BCH,24/02/2018,24/02/2018,344.77,0,344.77,ILS,Y,,,,,,,,,,,
0.01047,BCH,24/02/2018,24/02/2018,42.7,0,42.7,ILS,Y,,,,,,,,,,,
0.024855,BCH,24/02/2018,24/02/2018,101.4,0,101.4,ILS,Y,,,,,,,,,,,
3.510247,BCH,24/02/2018,24/02/2018,14325.21,0,14325.21,ILS,Y,,,,,,,,,,,
0.004846,BCH,24/02/2018,24/02/2018,19.78,0,19.78,ILS,Y,,,,,,,,,,,
1,BCH,24/02/2018,24/02/2018,4082.38,0,4082.38,ILS,Y,,,,,,,,,,,
0.001486,BCH,24/02/2018,24/02/2018,6.07,0,6.07,ILS,Y,,,,,,,,,,,
0.000929,BCH,24/02/2018,24/02/2018,3.79,0,3.79,ILS,Y,,,,,,,,,,,
0.038932,BCH,24/02/2018,24/02/2018,158.96,0,158.96,ILS,Y,,,,,,,,,,,
0.084431,BCH,24/02/2018,24/02/2018,344.77,0,344.77,ILS,Y,,,,,,,,,,,
0.017555,BCH,24/02/2018,24/02/2018,71.71,0,71.71,ILS,Y,,,,,,,,,,,
37.30848282,BTC,23/10/2011,26/02/2018,1300577.44,147.32,1300430.12,ILS,,,,,,,,,,,,
3.091019,BTC,23/10/2011,26/02/2018,107753.23,12.21,107741.02,ILS,,,,,,,,,,,,
27.08077472,BTC,09/06/2017,26/02/2018,944038.5157,269648.1506,674390.3651,ILS,,,,,,,,,,,,
55.52625877,BTC,24/09/2017,26/02/2018,1935650.935,368056.4,1567594.535,ILS,,,,,,,,,,,,
17.3929665,BTC,23/02/2017,26/02/2018,606320.5521,1575307.449,-968986.8973,ILS,,,,,,,,,,,,
4.60887654,BTC,23/10/2011,26/02/2018,160665.8972,413.07,160252.8272,ILS,,,,,,,,,,,,
14.99162164,BTC,23/10/2011,26/02/2018,522609.43,59.2,522550.23,ILS,,,,,,,,,,,,
335.94891,MAID,11/04/2017,01/03/2018,416.05,18.11,397.94,ILS,,,,,,,,,,,,
437.6531,MAID,11/04/2017,01/03/2018,553.29,23.59,529.7,ILS,,,,,,,,,,,,
839.2294,MAID,11/04/2017,01/03/2018,1057.88,45.23,1012.65,ILS,,,,,,,,,,,,
11272.77,MAID,11/04/2017,01/03/2018,14209.72,607.6,13602.12,ILS,,,,,,,,,,,,
5.448291,MAID,11/04/2017,01/03/2018,6.89,0.29,6.6,ILS,,,,,,,,,,,,
698.25,MAID,11/04/2017,01/03/2018,880.17,37.64,842.53,ILS,,,,,,,,,,,,
1571.4826,MAID,11/04/2017,01/03/2018,1980.91,84.7,1896.21,ILS,,,,,,,,,,,,
6598.394549,MAID,11/04/2017,01/03/2018,8341.82,355.65,7986.17,ILS,,,,,,,,,,,,
145.2776,MAID,11/04/2017,01/03/2018,180.99,7.83,173.16,ILS,,,,,,,,,,,,
1989.31694,MAID,11/04/2017,01/03/2018,2419.62,107.22,2312.4,ILS,,,,,,,,,,,,
3189.375,MAID,11/04/2017,01/03/2018,3891.01,171.91,3719.1,ILS,,,,,,,,,,,,
1224.28742,MAID,11/04/2017,01/03/2018,1493.62,65.99,1427.63,ILS,,,,,,,,,,,,
24.9375,MAID,11/04/2017,01/03/2018,30.42,1.34,29.08,ILS,,,,,,,,,,,,
5.59994,MAID,11/04/2017,01/03/2018,6.85,0.3,6.55,ILS,,,,,,,,,,,,
18.08318,MAID,11/04/2017,01/03/2018,22.13,0.97,21.16,ILS,,,,,,,,,,,,
99.75,MAID,11/04/2017,01/03/2018,122.06,5.38,116.68,ILS,,,,,,,,,,,,
24.9375,MAID,11/04/2017,01/03/2018,30.52,1.34,29.18,ILS,,,,,,,,,,,,
4691.94178,MAID,11/04/2017,01/03/2018,5741.42,252.9,5488.52,ILS,,,,,,,,,,,,
19338.6,MAID,11/04/2017,01/03/2018,23735.47,1042.35,22693.12,ILS,,,,,,,,,,,,
183.056883,MAID,11/04/2017,01/03/2018,224.68,9.87,214.81,ILS,,,,,,,,,,,,
168.58229,MAID,11/04/2017,01/03/2018,206.91,9.09,197.82,ILS,,,,,,,,,,,,
3.025806,MAID,11/04/2017,01/03/2018,3.71,0.16,3.55,ILS,,,,,,,,,,,,
5978.424,MAID,11/04/2017,01/03/2018,7359.73,322.24,7037.49,ILS,,,,,,,,,,,,
3111.84,MAID,11/04/2017,01/03/2018,3830.83,167.73,3663.1,ILS,,,,,,,,,,,,
3.039514,MAID,11/04/2017,01/03/2018,3.74,0.16,3.58,ILS,,,,,,,,,,,,
15006.40309,MAID,11/04/2017,01/03/2018,18473.61,808.85,17664.76,ILS,,,,,,,,,,,,
448.3489,MAID,11/04/2017,01/03/2018,553.59,24.17,529.42,ILS,,,,,,,,,,,,
24.21427,MAID,11/04/2017,01/03/2018,29.9,1.31,28.59,ILS,,,,,,,,,,,,
19.38812,MAID,11/04/2017,01/03/2018,23.94,1.05,22.89,ILS,,,,,,,,,,,,
4865.409,MAID,11/04/2017,01/03/2018,6007.49,262.25,5745.24,ILS,,,,,,,,,,,,
212.3337,MAID,11/04/2017,01/03/2018,262.18,11.44,250.74,ILS,,,,,,,,,,,,
21.18879,MAID,11/04/2017,01/03/2018,26.16,1.14,25.02,ILS,,,,,,,,,,,,
15.65295,MAID,11/04/2017,01/03/2018,19.33,0.84,18.49,ILS,,,,,,,,,,,,
20399.875,MAID,11/04/2017,01/03/2018,25263.61,1099.55,24164.06,ILS,,,,,,,,,,,,
166.52894,MAID,11/04/2017,01/03/2018,206.23,8.98,197.25,ILS,,,,,,,,,,,,
16.02097,MAID,11/04/2017,01/03/2018,20.25,0.86,19.39,ILS,,,,,,,,,,,,
635.5278,MAID,11/04/2017,01/03/2018,787.05,34.25,752.8,ILS,,,,,,,,,,,,
1820.758,MAID,11/04/2017,01/03/2018,2254.86,98.14,2156.72,ILS,,,,,,,,,,,,
3.244178,MAID,11/04/2017,01/03/2018,4.02,0.17,3.85,ILS,,,,,,,,,,,,
12.9196,MAID,11/04/2017,01/03/2018,16.05,0.7,15.35,ILS,,,,,,,,,,,,
118336.9588,MAID,11/04/2017,01/03/2018,146987.01,6378.36,140608.65,ILS,,,,,,,,,,,,
2194.175,MAID,11/04/2017,01/03/2018,2725.4,118.27,2607.13,ILS,,,,,,,,,,,,
389.1497,MAID,11/04/2017,01/03/2018,484.8,20.98,463.82,ILS,,,,,,,,,,,,
3.258294,MAID,11/04/2017,01/03/2018,4.06,0.18,3.88,ILS,,,,,,,,,,,,
25,MAID,11/04/2017,01/03/2018,30.5,1.35,29.15,ILS,,,,,,,,,,,,
99.75,MAID,11/04/2017,01/03/2018,124.27,5.38,118.89,ILS,,,,,,,,,,,,
1773.53,MAID,11/04/2017,01/03/2018,2209.45,95.59,2113.86,ILS,,,,,,,,,,,,
1477.521,MAID,11/04/2017,01/03/2018,1840.68,79.64,1761.04,ILS,,,,,,,,,,,,
145.18,MAID,11/04/2017,01/03/2018,180.86,7.83,173.03,ILS,,,,,,,,,,,,
2880.184,MAID,11/04/2017,01/03/2018,3588.11,155.24,3432.87,ILS,,,,,,,,,,,,
19.38538,MAID,11/04/2017,01/03/2018,24.15,1.04,23.11,ILS,,,,,,,,,,,,
25.93382,MAID,11/04/2017,01/03/2018,32.31,1.4,30.91,ILS,,,,,,,,,,,,
22.08333,MAID,11/04/2017,01/03/2018,27.51,1.19,26.32,ILS,,,,,,,,,,,,
34.55937,MAID,11/04/2017,01/03/2018,43.05,1.86,41.19,ILS,,,,,,,,,,,,
118.1296,MAID,11/04/2017,01/03/2018,147.6,6.37,141.23,ILS,,,,,,,,,,,,
442.9687,MAID,11/04/2017,01/03/2018,553.48,23.88,529.6,ILS,,,,,,,,,,,,
113.02825,MAID,11/04/2017,01/03/2018,141.23,6.09,135.14,ILS,,,,,,,,,,,,
10.90669,MAID,11/04/2017,01/03/2018,13.63,0.59,13.04,ILS,,,,,,,,,,,,
67.802525,MAID,11/04/2017,01/03/2018,84.72,3.65,81.07,ILS,,,,,,,,,,,,
234726.1733,MAID,11/04/2017,01/03/2018,294150.16,12651.74,281498.42,ILS,,,,,,,,,,,,
146.7998,MAID,11/04/2017,01/03/2018,184.51,7.91,176.6,ILS,,,,,,,,,,,,
5855.591,MAID,11/04/2017,01/03/2018,7359.59,315.62,7043.97,ILS,,,,,,,,,,,,
34.19937,MAID,11/04/2017,01/03/2018,42.98,1.84,41.14,ILS,,,,,,,,,,,,
15199.61,MAID,11/04/2017,01/03/2018,19103.61,819.26,18284.35,ILS,,,,,,,,,,,,
282.4568,MAID,11/04/2017,01/03/2018,355.01,15.22,339.79,ILS,,,,,,,,,,,,
809.2257,MAID,11/04/2017,01/03/2018,1017.07,43.62,973.45,ILS,,,,,,,,,,,,
17.62307,MAID,11/04/2017,01/03/2018,22.15,0.95,21.2,ILS,,,,,,,,,,,,
668.8364,MAID,11/04/2017,01/03/2018,840.63,36.05,804.58,ILS,,,,,,,,,,,,
194.6,MAID,11/04/2017,01/03/2018,244.58,10.49,234.09,ILS,,,,,,,,,,,,
8117.30879,MAID,11/04/2017,01/03/2018,10202.23,437.52,9764.71,ILS,,,,,,,,,,,,
7.396016,MAID,11/04/2017,01/03/2018,9.3,0.4,8.9,ILS,,,,,,,,,,,,
133.60619,MAID,11/04/2017,01/03/2018,168.42,7.2,161.22,ILS,,,,,,,,,,,,
0.007942,ETH,01/11/2015,01/03/2018,23.79,0.07,23.72,ILS,,,,,,,,,,,,
0.05,BTC,23/10/2011,10/03/2018,1617,0.2,1616.8,ILS,,,,,,,,,,,,
300.01,ETH,01/11/2015,25/04/2018,733111.34,2696.25,730415.09,ILS,,,,,,,,,,,,
12.55,BTC,23/10/2011,05/05/2018,444643.46,49.56,444593.9,ILS,,,,,,,,,,,,
0.00072818,BTC,23/10/2011,05/05/2018,25.8,0,25.8,ILS,,,,,,,,,,,,
0.00061187,BTC,23/10/2011,05/05/2018,21.68,0,21.68,ILS,,,,,,,,,,,,
0.1,BTC,23/10/2011,05/05/2018,3543.56,0.39,3543.17,ILS,,,,,,,,,,,,
0.0377,BTC,23/10/2011,05/05/2018,1336.47,0.15,1336.32,ILS,,,,,,,,,,,,
0.1,BTC,23/10/2011,05/05/2018,3545.01,0.39,3544.62,ILS,,,,,,,,,,,,
0.01,BTC,23/10/2011,05/05/2018,354.54,0.04,354.5,ILS,,,,,,,,,,,,
0.02186468,BTC,23/10/2011,05/05/2018,775.37,0.09,775.28,ILS,,,,,,,,,,,,
0.2,BTC,23/10/2011,05/05/2018,7093.27,0.79,7092.48,ILS,,,,,,,,,,,,
10.9645,BTC,23/10/2011,05/05/2018,388886.8,43.3,388843.5,ILS,,,,,,,,,,,,
10,BTC,23/10/2011,05/05/2018,354738.81,39.49,354699.32,ILS,,,,,,,,,,,,
0.5,BTC,23/10/2011,05/05/2018,17741.1,1.97,17739.13,ILS,,,,,,,,,,,,
0.01712466,BTC,23/10/2011,05/05/2018,607.65,0.07,607.58,ILS,,,,,,,,,,,,
0.029,BTC,23/10/2011,05/05/2018,1029.05,0.11,1028.94,ILS,,,,,,,,,,,,
0.0045828,BTC,23/10/2011,05/05/2018,162.62,0.02,162.6,ILS,,,,,,,,,,,,
0.005,BTC,23/10/2011,05/05/2018,177.43,0.02,177.41,ILS,,,,,,,,,,,,
3.870096,BTC,23/10/2011,05/05/2018,137335.85,15.28,137320.57,ILS,,,,,,,,,,,,
0.00775549,BTC,23/10/2011,05/05/2018,275.23,0.03,275.2,ILS,,,,,,,,,,,,
0.85,BTC,23/10/2011,05/05/2018,30166.04,3.36,30162.68,ILS,,,,,,,,,,,,
0.01916727,BTC,23/10/2011,05/05/2018,680.42,0.08,680.34,ILS,,,,,,,,,,,,
0.711519,BTC,23/10/2011,05/05/2018,25270.73,2.81,25267.92,ILS,,,,,,,,,,,,
0.31701025,BTC,23/10/2011,05/05/2018,11159.76,1.25,11158.51,ILS,,,,,,,,,,,,
0.00234,BTC,23/10/2011,05/05/2018,83.11,0.01,83.1,ILS,,,,,,,,,,,,
1.152,BTC,23/10/2011,05/05/2018,40918.74,4.55,40914.19,ILS,,,,,,,,,,,,
0.506,BTC,23/10/2011,05/05/2018,17973.44,2,17971.44,ILS,,,,,,,,,,,,
0.25,BTC,23/10/2011,05/05/2018,8880.41,0.99,8879.42,ILS,,,,,,,,,,,,
1.9,BTC,23/10/2011,05/05/2018,67492.51,7.5,67485.01,ILS,,,,,,,,,,,,
0.6,BTC,23/10/2011,05/05/2018,21314.08,2.37,21311.71,ILS,,,,,,,,,,,,
0.02,BTC,23/10/2011,05/05/2018,710.47,0.08,710.39,ILS,,,,,,,,,,,,
0.49849297,BTC,23/10/2011,05/05/2018,17708.83,1.97,17706.86,ILS,,,,,,,,,,,,
0.001,BTC,23/10/2011,05/05/2018,35.52,0,35.52,ILS,,,,,,,,,,,,
0.6,BTC,23/10/2011,05/05/2018,21315.03,2.37,21312.66,ILS,,,,,,,,,,,,
1,BTC,23/10/2011,05/05/2018,35542,3.95,35538.05,ILS,,,,,,,,,,,,
0.04085341,BTC,23/10/2011,05/05/2018,1452.72,0.16,1452.56,ILS,,,,,,,,,,,,
0.002,BTC,23/10/2011,05/05/2018,71.13,0.01,71.12,ILS,,,,,,,,,,,,
0.05533229,BTC,23/10/2011,05/05/2018,1968.33,0.22,1968.11,ILS,,,,,,,,,,,,
3.7806,BTC,23/10/2011,05/05/2018,134487.02,14.93,134472.09,ILS,,,,,,,,,,,,
0.702,BTC,23/10/2011,05/05/2018,24972.22,2.77,24969.45,ILS,,,,,,,,,,,,
1.5211,BTC,23/10/2011,05/05/2018,54110.59,6.01,54104.58,ILS,,,,,,,,,,,,
0.619,BTC,23/10/2011,05/05/2018,22020.92,2.44,22018.48,ILS,,,,,,,,,,,,
0.30214974,BTC,23/10/2011,05/05/2018,10748.97,1.19,10747.78,ILS,,,,,,,,,,,,
1,BTC,23/10/2011,05/05/2018,35576.55,3.95,35572.6,ILS,,,,,,,,,,,,
0.18187509,BTC,23/10/2011,05/05/2018,6473.46,0.72,6472.74,ILS,,,,,,,,,,,,
0.25123065,BTC,23/10/2011,05/05/2018,8946.54,0.99,8945.55,ILS,,,,,,,,,,,,
0.00073268,BTC,23/10/2011,05/05/2018,25.8,0,25.8,ILS,,,,,,,,,,,,
0.0233418,BTC,23/10/2011,05/05/2018,822.18,0.09,822.09,ILS,,,,,,,,,,,,
0.1,BTC,23/10/2011,05/05/2018,3522.61,0.39,3522.22,ILS,,,,,,,,,,,,
0.5,BTC,23/10/2011,05/05/2018,17614.62,1.97,17612.65,ILS,,,,,,,,,,,,
0.00075591,BTC,23/10/2011,05/05/2018,26.63,0,26.63,ILS,,,,,,,,,,,,
0.025,BTC,23/10/2011,05/05/2018,880.83,0.1,880.73,ILS,,,,,,,,,,,,
0.24027692,BTC,23/10/2011,05/05/2018,8465.74,0.95,8464.79,ILS,,,,,,,,,,,,
5,BTC,23/10/2011,05/05/2018,176166.41,19.74,176146.67,ILS,,,,,,,,,,,,
0.1,BTC,23/10/2011,05/05/2018,3523.33,0.39,3522.94,ILS,,,,,,,,,,,,
0.11384,BTC,23/10/2011,05/05/2018,4010.96,0.45,4010.51,ILS,,,,,,,,,,,,
0.02,BTC,23/10/2011,05/05/2018,704.67,0.08,704.59,ILS,,,,,,,,,,,,
0.05,BTC,23/10/2011,05/05/2018,1761.66,0.2,1761.46,ILS,,,,,,,,,,,,
0.2,BTC,23/10/2011,05/05/2018,7046.66,0.79,7045.87,ILS,,,,,,,,,,,,
1,BTC,23/10/2011,05/05/2018,35233.28,3.95,35229.33,ILS,,,,,,,,,,,,
1,BTC,23/10/2011,05/05/2018,35233.35,3.95,35229.4,ILS,,,,,,,,,,,,
7.21979995,BTC,23/10/2011,05/05/2018,254403.86,28.51,254375.35,ILS,,,,,,,,,,,,
0.25,BTC,23/10/2011,05/05/2018,8809.4,0.99,8808.41,ILS,,,,,,,,,,,,
0.25,BTC,23/10/2011,05/05/2018,8809.86,0.99,8808.87,ILS,,,,,,,,,,,,
0.2,BTC,23/10/2011,05/05/2018,7050.06,0.79,7049.27,ILS,,,,,,,,,,,,
12.46961891,BTC,23/10/2011,05/05/2018,439594.79,49.24,439545.55,ILS,,,,,,,,,,,,
5,BTC,23/10/2011,05/05/2018,176267.41,19.74,176247.67,ILS,,,,,,,,,,,,
0.00073157,BTC,23/10/2011,05/05/2018,25.8,0,25.8,ILS,,,,,,,,,,,,
0.2,BTC,23/10/2011,05/05/2018,7053.88,0.79,7053.09,ILS,,,,,,,,,,,,
0.05993135,BTC,23/10/2011,05/05/2018,2113.74,0.24,2113.5,ILS,,,,,,,,,,,,
0.00461025,BTC,23/10/2011,05/05/2018,162.62,0.02,162.6,ILS,,,,,,,,,,,,
0.6,BTC,23/10/2011,05/05/2018,21164.06,2.37,21161.69,ILS,,,,,,,,,,,,
0.00073142,BTC,23/10/2011,05/05/2018,25.8,0,25.8,ILS,,,,,,,,,,,,
0.9248771,BTC,23/10/2011,05/05/2018,32633.25,3.65,32629.6,ILS,,,,,,,,,,,,
2.20718318,BTC,23/10/2011,05/05/2018,77878.05,8.72,77869.33,ILS,,,,,,,,,,,,
0.00073088,BTC,23/10/2011,05/05/2018,25.8,0,25.8,ILS,,,,,,,,,,,,
0.00073069,BTC,23/10/2011,05/05/2018,25.8,0,25.8,ILS,,,,,,,,,,,,
12.55,BTC,23/10/2011,05/05/2018,445755.03,49.56,445705.47,ILS,,,,,,,,,,,,
1.48785118,BTC,23/10/2011,05/05/2018,52375.27,5.88,52369.39,ILS,,,,,,,,,,,,
0.001585,BTC,23/10/2011,05/05/2018,55.8,0.01,55.79,ILS,,,,,,,,,,,,
0.00461925,BTC,23/10/2011,05/05/2018,162.61,0.02,162.59,ILS,,,,,,,,,,,,
0.002976,BTC,23/10/2011,05/05/2018,105.11,0.01,105.1,ILS,,,,,,,,,,,,
0.00073053,BTC,23/10/2011,05/05/2018,25.8,0,25.8,ILS,,,,,,,,,,,,
0.2,BTC,23/10/2011,05/05/2018,7064.52,0.79,7063.73,ILS,,,,,,,,,,,,
0.014675,BTC,23/10/2011,05/05/2018,518.36,0.06,518.3,ILS,,,,,,,,,,,,
0.001,BTC,23/10/2011,05/05/2018,35.33,0,35.33,ILS,,,,,,,,,,,,
2,BTC,23/10/2011,05/05/2018,70661.7,7.9,70653.8,ILS,,,,,,,,,,,,
12.55,BTC,23/10/2011,05/05/2018,443534.61,49.56,443485.05,ILS,,,,,,,,,,,,
0.25,BTC,23/10/2011,05/05/2018,8835.42,0.99,8834.43,ILS,,,,,,,,,,,,
0.0046008,BTC,23/10/2011,05/05/2018,162.61,0.02,162.59,ILS,,,,,,,,,,,,
0.05,BTC,23/10/2011,05/05/2018,1767.23,0.2,1767.03,ILS,,,,,,,,,,,,
0.0007298,BTC,23/10/2011,05/05/2018,25.8,0,25.8,ILS,,,,,,,,,,,,
0.0007297,BTC,23/10/2011,05/05/2018,25.8,0,25.8,ILS,,,,,,,,,,,,
0.0012832,BTC,23/10/2011,05/05/2018,45.39,0.01,45.38,ILS,,,,,,,,,,,,
0.5,BTC,23/10/2011,05/05/2018,17686.89,1.97,17684.92,ILS,,,,,,,,,,,,
0.025,BTC,23/10/2011,05/05/2018,884.58,0.1,884.48,ILS,,,,,,,,,,,,
0.00072918,BTC,23/10/2011,05/05/2018,25.8,0,25.8,ILS,,,,,,,,,,,,
1.09453,BTC,23/10/2011,05/05/2018,38740.65,4.32,38736.33,ILS,,,,,,,,,,,,
0.2,BTC,23/10/2011,05/05/2018,7078.97,0.79,7078.18,ILS,,,,,,,,,,,,
0.00072893,BTC,23/10/2011,05/05/2018,25.8,0,25.8,ILS,,,,,,,,,,,,
1.5231,BTC,23/10/2011,05/05/2018,53913.69,6.01,53907.68,ILS,,,,,,,,,,,,
0.02,BTC,23/10/2011,05/05/2018,707.99,0.08,707.91,ILS,,,,,,,,,,,,
1.94,BTC,23/10/2011,05/05/2018,68681.36,7.66,68673.7,ILS,,,,,,,,,,,,
0.00123,BTC,23/10/2011,05/05/2018,43.55,0,43.55,ILS,,,,,,,,,,,,
0.05,BTC,23/10/2011,05/05/2018,1770.52,0.2,1770.32,ILS,,,,,,,,,,,,
0.5,BTC,23/10/2011,05/05/2018,17706.98,1.97,17705.01,ILS,,,,,,,,,,,,
2.11259727,BTC,23/10/2011,05/05/2018,74815.45,8.34,74807.11,ILS,,,,,,,,,,,,
0.005,BTC,23/10/2011,05/05/2018,177.07,0.02,177.05,ILS,,,,,,,,,,,,
0.0409,BTC,23/10/2011,05/05/2018,1448.43,0.16,1448.27,ILS,,,,,,,,,,,,
0.01,BTC,23/10/2011,05/05/2018,354.14,0.04,354.1,ILS,,,,,,,,,,,,
0.10198,BTC,23/10/2011,05/05/2018,3611.52,0.4,3611.12,ILS,,,,,,,,,,,,
0.03482772,BTC,23/10/2011,05/05/2018,1233.39,0.14,1233.25,ILS,,,,,,,,,,,,
0.1,BTC,23/10/2011,05/05/2018,3541.4,0.39,3541.01,ILS,,,,,,,,,,,,
0.26112163,BTC,23/10/2011,05/05/2018,9247.35,1.03,9246.32,ILS,,,,,,,,,,,,
1,BTC,23/10/2011,05/05/2018,35413.97,3.95,35410.02,ILS,,,,,,,,,,,,
1,BTC,23/10/2011,05/05/2018,35414.04,3.95,35410.09,ILS,,,,,,,,,,,,
0.0045918,BTC,23/10/2011,05/05/2018,162.62,0.02,162.6,ILS,,,,,,,,,,,,
0.28735605,BTC,23/10/2011,05/05/2018,10177.46,1.13,10176.33,ILS,,,,,,,,,,,,
0.048,BTC,23/10/2011,02/06/2018,1300,0.19,1299.81,ILS,,,,,,,,,,,,
0.225,ETH,01/11/2015,29/09/2018,183.23,2.02,181.21,ILS,,,,,,,,,,,,
0.051,BTC,23/10/2011,20/10/2018,1200,0.2,1199.8,ILS,,,,,,,,,,,,
0.06,BTC,23/10/2011,22/11/2018,1013.62,0.24,1013.38,ILS,,,,,,,,,,,,
0.225,ETH,01/11/2015,30/12/2018,117.62,2.02,115.6,ILS,,,,,,,,,,,,
